date,state,district,block,panchayat,latitude,longitude,crop,block_rainfall_mm,panchayat_rainfall_mm,temperature_c,humidity_pct,wind_speed_ms,elevation_m,slope_deg,rainfall_lag_1_mm,rainfall_lag_3_mm,rainfall_lag_7_mm,month,day_of_year,residual_mm
2024-06-01,Maharashtra,Pune,Velhe,Ambed,18.48,73.58,Rice,5.26,10.69,25.35,74.51,1.36,850,18,,,,6,153,5.43
2024-06-02,Maharashtra,Pune,Velhe,Ambed,18.48,73.58,Rice,4.6,8.49,24.14,85.04,3.02,850,18,10.69,,,6,154,3.89
2024-06-03,Maharashtra,Pune,Velhe,Ambed,18.48,73.58,Rice,4.45,9.31,24.18,82.82,1.63,850,18,8.49,,,6,155,4.86
2024-06-04,Maharashtra,Pune,Velhe,Ambed,18.48,73.58,Rice,9.06,12.62,24.35,91.77,2.28,850,18,9.31,10.69,,6,156,3.56
2024-06-05,Maharashtra,Pune,Velhe,Ambed,18.48,73.58,Rice,2.81,7.8,25.13,81.02,2.74,850,18,12.62,8.49,,6,157,4.99
2024-06-06,Maharashtra,Pune,Velhe,Ambed,18.48,73.58,Rice,2.61,7.77,25.71,78.68,1.73,850,18,7.8,9.31,,6,158,5.16
2024-06-07,Maharashtra,Pune,Velhe,Ambed,18.48,73.58,Rice,1.82,7.23,25.35,75.52,2.59,850,18,7.77,12.62,,6,159,5.41
2024-06-08,Maharashtra,Pune,Velhe,Ambed,18.48,73.58,Rice,5.26,10.92,25.17,85.02,2.45,850,18,7.23,7.8,10.69,6,160,5.66
2024-06-09,Maharashtra,Pune,Velhe,Ambed,18.48,73.58,Rice,6.28,7.29,24.84,81.66,1.89,850,18,10.92,7.77,8.49,6,161,1.01
2024-06-10,Maharashtra,Pune,Velhe,Ambed,18.48,73.58,Rice,3.72,5.91,25.79,73.73,2.13,850,18,7.29,7.23,9.31,6,162,2.19
2024-06-11,Maharashtra,Pune,Velhe,Ambed,18.48,73.58,Rice,5.85,11.2,25.71,81.63,2.03,850,18,5.91,10.92,12.62,6,163,5.35
2024-06-12,Maharashtra,Pune,Velhe,Ambed,18.48,73.58,Rice,10.66,12.04,24.41,85.12,2.8,850,18,11.2,7.29,7.8,6,164,1.38
2024-06-13,Maharashtra,Pune,Velhe,Ambed,18.48,73.58,Rice,5.98,9.05,25.37,85.68,2.15,850,18,12.04,5.91,7.77,6,165,3.07
2024-06-14,Maharashtra,Pune,Velhe,Ambed,18.48,73.58,Rice,8.05,11.25,25.04,80.88,2.79,850,18,9.05,11.2,7.23,6,166,3.2
2024-06-15,Maharashtra,Pune,Velhe,Ambed,18.48,73.58,Rice,3.32,8.21,25.67,82.65,2.32,850,18,11.25,12.04,10.92,6,167,4.89
2024-06-16,Maharashtra,Pune,Velhe,Ambed,18.48,73.58,Rice,3.57,4.12,24.39,74.99,1.6,850,18,8.21,9.05,7.29,6,168,0.55
2024-06-17,Maharashtra,Pune,Velhe,Ambed,18.48,73.58,Rice,8.12,11.29,26.36,84.32,2.99,850,18,4.12,11.25,5.91,6,169,3.17
2024-06-18,Maharashtra,Pune,Velhe,Ambed,18.48,73.58,Rice,1.96,3.99,25.26,81.71,1.02,850,18,11.29,8.21,11.2,6,170,2.03
2024-06-19,Maharashtra,Pune,Velhe,Ambed,18.48,73.58,Rice,8.68,11.41,24.54,86.7,1.98,850,18,3.99,4.12,12.04,6,171,2.73
2024-06-20,Maharashtra,Pune,Velhe,Ambed,18.48,73.58,Rice,7.4,14.53,25.43,80.79,2.54,850,18,11.41,11.29,9.05,6,172,7.13
2024-06-21,Maharashtra,Pune,Velhe,Ambed,18.48,73.58,Rice,7.45,13.04,25.9,90.79,1.45,850,18,14.53,3.99,11.25,6,173,5.59
2024-06-22,Maharashtra,Pune,Velhe,Ambed,18.48,73.58,Rice,3.08,6.23,24.73,82.24,2.22,850,18,13.04,11.41,8.21,6,174,3.15
2024-06-23,Maharashtra,Pune,Velhe,Ambed,18.48,73.58,Rice,0.91,5.46,26.33,85.08,4.73,850,18,6.23,14.53,4.12,6,175,4.55
2024-06-24,Maharashtra,Pune,Velhe,Ambed,18.48,73.58,Rice,9.29,8.95,25.98,83.9,2.07,850,18,5.46,13.04,11.29,6,176,-0.34
2024-06-25,Maharashtra,Pune,Velhe,Ambed,18.48,73.58,Rice,3.35,9.41,25.95,79.38,1.57,850,18,8.95,6.23,3.99,6,177,6.06
2024-06-26,Maharashtra,Pune,Velhe,Ambed,18.48,73.58,Rice,0.64,4.46,27.13,77.29,3.19,850,18,9.41,5.46,11.41,6,178,3.82
2024-06-27,Maharashtra,Pune,Velhe,Ambed,18.48,73.58,Rice,3.95,5.94,25.43,89.25,1.74,850,18,4.46,8.95,14.53,6,179,1.99
2024-06-28,Maharashtra,Pune,Velhe,Ambed,18.48,73.58,Rice,13.94,19.73,26.25,92.1,2.37,850,18,5.94,9.41,13.04,6,180,5.79
2024-06-29,Maharashtra,Pune,Velhe,Ambed,18.48,73.58,Rice,3.38,6.4,25.17,74.95,2.54,850,18,19.73,4.46,6.23,6,181,3.02
2024-06-30,Maharashtra,Pune,Velhe,Ambed,18.48,73.58,Rice,24.1,27.78,26.28,99.0,2.58,850,18,6.4,5.94,5.46,6,182,3.68
2024-07-01,Maharashtra,Pune,Velhe,Ambed,18.48,73.58,Rice,4.64,9.42,27.2,82.3,1.42,850,18,27.78,19.73,8.95,7,183,4.78
2024-07-02,Maharashtra,Pune,Velhe,Ambed,18.48,73.58,Rice,1.26,8.63,26.05,75.97,3.57,850,18,9.42,6.4,9.41,7,184,7.37
2024-07-03,Maharashtra,Pune,Velhe,Ambed,18.48,73.58,Rice,1.94,7.15,25.94,78.31,2.27,850,18,8.63,27.78,4.46,7,185,5.21
2024-07-04,Maharashtra,Pune,Velhe,Ambed,18.48,73.58,Rice,10.12,14.23,26.72,79.95,2.36,850,18,7.15,9.42,5.94,7,186,4.11
2024-07-05,Maharashtra,Pune,Velhe,Ambed,18.48,73.58,Rice,2.9,5.07,26.08,83.15,1.34,850,18,14.23,8.63,19.73,7,187,2.17
2024-07-06,Maharashtra,Pune,Velhe,Ambed,18.48,73.58,Rice,7.86,12.76,26.02,84.12,3.2,850,18,5.07,7.15,6.4,7,188,4.9
2024-07-07,Maharashtra,Pune,Velhe,Ambed,18.48,73.58,Rice,12.51,16.12,25.91,90.11,2.59,850,18,12.76,14.23,27.78,7,189,3.61
2024-07-08,Maharashtra,Pune,Velhe,Ambed,18.48,73.58,Rice,9.26,13.36,26.61,97.18,3.9,850,18,16.12,5.07,9.42,7,190,4.1
2024-07-09,Maharashtra,Pune,Velhe,Ambed,18.48,73.58,Rice,3.02,4.02,26.08,80.89,3.36,850,18,13.36,12.76,8.63,7,191,1.0
2024-07-10,Maharashtra,Pune,Velhe,Ambed,18.48,73.58,Rice,3.6,3.23,26.42,76.07,1.98,850,18,4.02,16.12,7.15,7,192,-0.37
2024-07-11,Maharashtra,Pune,Velhe,Ambed,18.48,73.58,Rice,3.01,3.41,25.55,88.12,1.37,850,18,3.23,13.36,14.23,7,193,0.4
2024-07-12,Maharashtra,Pune,Velhe,Ambed,18.48,73.58,Rice,2.23,11.96,25.8,77.2,2.67,850,18,3.41,4.02,5.07,7,194,9.73
2024-07-13,Maharashtra,Pune,Velhe,Ambed,18.48,73.58,Rice,31.62,35.06,27.2,99.0,2.1,850,18,11.96,3.23,12.76,7,195,3.44
2024-07-14,Maharashtra,Pune,Velhe,Ambed,18.48,73.58,Rice,7.42,10.87,26.52,85.83,1.96,850,18,35.06,3.41,16.12,7,196,3.45
2024-07-15,Maharashtra,Pune,Velhe,Ambed,18.48,73.58,Rice,13.11,17.35,26.99,91.95,2.4,850,18,10.87,11.96,13.36,7,197,4.24
2024-07-16,Maharashtra,Pune,Velhe,Ambed,18.48,73.58,Rice,3.92,7.65,28.25,86.99,2.71,850,18,17.35,35.06,4.02,7,198,3.73
2024-07-17,Maharashtra,Pune,Velhe,Ambed,18.48,73.58,Rice,3.76,8.21,26.04,85.28,2.61,850,18,7.65,10.87,3.23,7,199,4.45
2024-07-18,Maharashtra,Pune,Velhe,Ambed,18.48,73.58,Rice,13.69,19.47,27.18,87.99,2.02,850,18,8.21,17.35,3.41,7,200,5.78
2024-07-19,Maharashtra,Pune,Velhe,Ambed,18.48,73.58,Rice,11.49,14.83,26.83,88.78,2.52,850,18,19.47,7.65,11.96,7,201,3.34
2024-07-20,Maharashtra,Pune,Velhe,Ambed,18.48,73.58,Rice,29.18,32.63,27.06,99.0,2.1,850,18,14.83,8.21,35.06,7,202,3.45
2024-07-21,Maharashtra,Pune,Velhe,Ambed,18.48,73.58,Rice,0.75,8.13,25.9,80.35,2.14,850,18,32.63,19.47,10.87,7,203,7.38
2024-07-22,Maharashtra,Pune,Velhe,Ambed,18.48,73.58,Rice,8.76,12.02,27.92,88.84,3.79,850,18,8.13,14.83,17.35,7,204,3.26
2024-07-23,Maharashtra,Pune,Velhe,Ambed,18.48,73.58,Rice,24.73,32.14,27.35,99.0,2.16,850,18,12.02,32.63,7.65,7,205,7.41
2024-07-24,Maharashtra,Pune,Velhe,Ambed,18.48,73.58,Rice,10.14,16.04,26.25,91.3,2.25,850,18,32.14,8.13,8.21,7,206,5.9
2024-07-25,Maharashtra,Pune,Velhe,Ambed,18.48,73.58,Rice,25.17,32.73,27.62,99.0,2.35,850,18,16.04,12.02,19.47,7,207,7.56
2024-07-26,Maharashtra,Pune,Velhe,Ambed,18.48,73.58,Rice,2.34,9.28,27.59,76.01,1.59,850,18,32.73,32.14,14.83,7,208,6.94
2024-07-27,Maharashtra,Pune,Velhe,Ambed,18.48,73.58,Rice,10.14,12.72,27.4,92.79,2.89,850,18,9.28,16.04,32.63,7,209,2.58
2024-07-28,Maharashtra,Pune,Velhe,Ambed,18.48,73.58,Rice,0.18,4.24,27.5,82.68,0.75,850,18,12.72,32.73,8.13,7,210,4.06
2024-07-29,Maharashtra,Pune,Velhe,Ambed,18.48,73.58,Rice,5.32,6.08,28.27,83.85,3.08,850,18,4.24,9.28,12.02,7,211,0.76
2024-07-30,Maharashtra,Pune,Velhe,Ambed,18.48,73.58,Rice,5.5,11.57,27.43,83.54,2.62,850,18,6.08,12.72,32.14,7,212,6.07
2024-07-31,Maharashtra,Pune,Velhe,Ambed,18.48,73.58,Rice,3.85,7.47,27.56,84.61,1.55,850,18,11.57,4.24,16.04,7,213,3.62
2024-08-01,Maharashtra,Pune,Velhe,Ambed,18.48,73.58,Rice,9.15,11.58,26.75,87.78,3.08,850,18,7.47,6.08,32.73,8,214,2.43
2024-08-02,Maharashtra,Pune,Velhe,Ambed,18.48,73.58,Rice,10.57,16.21,27.94,90.9,4.26,850,18,11.58,11.57,9.28,8,215,5.64
2024-08-03,Maharashtra,Pune,Velhe,Ambed,18.48,73.58,Rice,8.43,15.56,27.06,86.54,3.45,850,18,16.21,7.47,12.72,8,216,7.13
2024-08-04,Maharashtra,Pune,Velhe,Ambed,18.48,73.58,Rice,1.15,1.88,26.85,79.14,2.82,850,18,15.56,11.58,4.24,8,217,0.73
2024-08-05,Maharashtra,Pune,Velhe,Ambed,18.48,73.58,Rice,13.1,12.41,27.46,89.83,2.77,850,18,1.88,16.21,6.08,8,218,-0.69
2024-08-06,Maharashtra,Pune,Velhe,Ambed,18.48,73.58,Rice,4.88,10.32,27.61,83.97,1.84,850,18,12.41,15.56,11.57,8,219,5.44
2024-08-07,Maharashtra,Pune,Velhe,Ambed,18.48,73.58,Rice,8.3,13.87,27.2,88.05,2.19,850,18,10.32,1.88,7.47,8,220,5.57
2024-08-08,Maharashtra,Pune,Velhe,Ambed,18.48,73.58,Rice,8.75,8.69,26.59,80.57,0.53,850,18,13.87,12.41,11.58,8,221,-0.06
2024-08-09,Maharashtra,Pune,Velhe,Ambed,18.48,73.58,Rice,4.63,7.99,27.65,85.92,3.46,850,18,8.69,10.32,16.21,8,222,3.36
2024-08-10,Maharashtra,Pune,Velhe,Ambed,18.48,73.58,Rice,8.99,12.72,28.48,87.15,1.73,850,18,7.99,13.87,15.56,8,223,3.73
2024-08-11,Maharashtra,Pune,Velhe,Ambed,18.48,73.58,Rice,5.02,7.17,27.3,85.24,3.78,850,18,12.72,8.69,1.88,8,224,2.15
2024-08-12,Maharashtra,Pune,Velhe,Ambed,18.48,73.58,Rice,1.6,3.44,27.9,77.39,0.94,850,18,7.17,7.99,12.41,8,225,1.84
2024-08-13,Maharashtra,Pune,Velhe,Ambed,18.48,73.58,Rice,20.42,23.28,26.84,97.89,2.74,850,18,3.44,12.72,10.32,8,226,2.86
2024-08-14,Maharashtra,Pune,Velhe,Ambed,18.48,73.58,Rice,7.61,12.26,28.52,83.77,1.22,850,18,23.28,7.17,13.87,8,227,4.65
2024-08-15,Maharashtra,Pune,Velhe,Ambed,18.48,73.58,Rice,22.1,28.25,27.88,99.0,2.68,850,18,12.26,3.44,8.69,8,228,6.15
2024-08-16,Maharashtra,Pune,Velhe,Ambed,18.48,73.58,Rice,38.91,42.97,27.74,99.0,1.72,850,18,28.25,23.28,7.99,8,229,4.06
2024-08-17,Maharashtra,Pune,Velhe,Ambed,18.48,73.58,Rice,12.07,16.62,27.05,84.13,0.74,850,18,42.97,12.26,12.72,8,230,4.55
2024-08-18,Maharashtra,Pune,Velhe,Ambed,18.48,73.58,Rice,2.29,5.63,29.01,83.18,1.63,850,18,16.62,28.25,7.17,8,231,3.34
2024-08-19,Maharashtra,Pune,Velhe,Ambed,18.48,73.58,Rice,11.94,15.29,27.79,92.8,2.13,850,18,5.63,42.97,3.44,8,232,3.35
2024-08-20,Maharashtra,Pune,Velhe,Ambed,18.48,73.58,Rice,20.78,24.72,29.49,99.0,3.55,850,18,15.29,16.62,23.28,8,233,3.94
2024-08-21,Maharashtra,Pune,Velhe,Ambed,18.48,73.58,Rice,9.24,13.05,27.56,83.97,2.74,850,18,24.72,5.63,12.26,8,234,3.81
2024-08-22,Maharashtra,Pune,Velhe,Ambed,18.48,73.58,Rice,3.19,8.34,28.15,84.17,2.69,850,18,13.05,15.29,28.25,8,235,5.15
2024-08-23,Maharashtra,Pune,Velhe,Ambed,18.48,73.58,Rice,6.17,9.48,28.34,76.08,2.13,850,18,8.34,24.72,42.97,8,236,3.31
2024-08-24,Maharashtra,Pune,Velhe,Ambed,18.48,73.58,Rice,24.36,26.84,26.64,93.37,1.97,850,18,9.48,13.05,16.62,8,237,2.48
2024-08-25,Maharashtra,Pune,Velhe,Ambed,18.48,73.58,Rice,45.49,48.29,28.02,99.0,2.16,850,18,26.84,8.34,5.63,8,238,2.8
2024-08-26,Maharashtra,Pune,Velhe,Ambed,18.48,73.58,Rice,8.73,14.24,27.94,89.15,1.85,850,18,48.29,9.48,15.29,8,239,5.51
2024-08-27,Maharashtra,Pune,Velhe,Ambed,18.48,73.58,Rice,16.82,18.81,27.08,99.0,2.25,850,18,14.24,26.84,24.72,8,240,1.99
2024-08-28,Maharashtra,Pune,Velhe,Ambed,18.48,73.58,Rice,23.73,30.57,27.79,99.0,3.65,850,18,18.81,48.29,13.05,8,241,6.84
2024-08-29,Maharashtra,Pune,Velhe,Ambed,18.48,73.58,Rice,5.26,8.29,28.02,76.05,2.91,850,18,30.57,14.24,8.34,8,242,3.03
2024-08-30,Maharashtra,Pune,Velhe,Ambed,18.48,73.58,Rice,4.24,3.38,27.15,74.35,1.74,850,18,8.29,18.81,9.48,8,243,-0.86
2024-08-31,Maharashtra,Pune,Velhe,Ambed,18.48,73.58,Rice,9.35,12.77,27.58,88.03,1.59,850,18,3.38,30.57,26.84,8,244,3.42
2024-09-01,Maharashtra,Pune,Velhe,Ambed,18.48,73.58,Rice,13.55,18.25,28.08,93.45,4.03,850,18,12.77,8.29,48.29,9,245,4.7
2024-09-02,Maharashtra,Pune,Velhe,Ambed,18.48,73.58,Rice,6.62,9.04,26.96,78.97,1.69,850,18,18.25,3.38,14.24,9,246,2.42
2024-09-03,Maharashtra,Pune,Velhe,Ambed,18.48,73.58,Rice,6.63,10.66,27.14,87.56,2.99,850,18,9.04,12.77,18.81,9,247,4.03
2024-09-04,Maharashtra,Pune,Velhe,Ambed,18.48,73.58,Rice,5.98,11.0,27.8,77.38,2.35,850,18,10.66,18.25,30.57,9,248,5.02
2024-09-05,Maharashtra,Pune,Velhe,Ambed,18.48,73.58,Rice,8.8,13.11,26.64,91.91,3.4,850,18,11.0,9.04,8.29,9,249,4.31
2024-09-06,Maharashtra,Pune,Velhe,Ambed,18.48,73.58,Rice,5.27,4.37,26.84,81.14,1.54,850,18,13.11,10.66,3.38,9,250,-0.9
2024-09-07,Maharashtra,Pune,Velhe,Ambed,18.48,73.58,Rice,12.47,14.04,27.06,91.9,3.69,850,18,4.37,11.0,12.77,9,251,1.57
2024-09-08,Maharashtra,Pune,Velhe,Ambed,18.48,73.58,Rice,1.46,9.03,26.47,72.63,2.06,850,18,14.04,13.11,18.25,9,252,7.57
2024-09-09,Maharashtra,Pune,Velhe,Ambed,18.48,73.58,Rice,3.73,8.14,26.38,82.54,1.94,850,18,9.03,4.37,9.04,9,253,4.41
2024-09-10,Maharashtra,Pune,Velhe,Ambed,18.48,73.58,Rice,17.93,20.58,27.98,99.0,2.76,850,18,8.14,14.04,10.66,9,254,2.65
2024-09-11,Maharashtra,Pune,Velhe,Ambed,18.48,73.58,Rice,0.59,2.45,27.75,71.02,2.76,850,18,20.58,9.03,11.0,9,255,1.86
2024-09-12,Maharashtra,Pune,Velhe,Ambed,18.48,73.58,Rice,2.5,7.85,27.74,76.54,3.56,850,18,2.45,8.14,13.11,9,256,5.35
2024-09-13,Maharashtra,Pune,Velhe,Ambed,18.48,73.58,Rice,3.83,8.29,27.12,82.48,1.97,850,18,7.85,20.58,4.37,9,257,4.46
2024-09-14,Maharashtra,Pune,Velhe,Ambed,18.48,73.58,Rice,3.89,5.73,25.85,87.11,4.44,850,18,8.29,2.45,14.04,9,258,1.84
2024-09-15,Maharashtra,Pune,Velhe,Ambed,18.48,73.58,Rice,3.84,7.15,27.32,79.85,1.51,850,18,5.73,7.85,9.03,9,259,3.31
2024-09-16,Maharashtra,Pune,Velhe,Ambed,18.48,73.58,Rice,9.62,10.55,27.99,95.75,2.54,850,18,7.15,8.29,8.14,9,260,0.93
2024-09-17,Maharashtra,Pune,Velhe,Ambed,18.48,73.58,Rice,3.99,9.15,26.27,81.45,2.09,850,18,10.55,5.73,20.58,9,261,5.16
2024-09-18,Maharashtra,Pune,Velhe,Ambed,18.48,73.58,Rice,22.54,29.8,26.69,99.0,2.66,850,18,9.15,7.15,2.45,9,262,7.26
2024-09-19,Maharashtra,Pune,Velhe,Ambed,18.48,73.58,Rice,2.02,8.37,27.21,71.66,2.39,850,18,29.8,10.55,7.85,9,263,6.35
2024-09-20,Maharashtra,Pune,Velhe,Ambed,18.48,73.58,Rice,1.9,5.66,26.22,71.81,2.79,850,18,8.37,9.15,8.29,9,264,3.76
2024-09-21,Maharashtra,Pune,Velhe,Ambed,18.48,73.58,Rice,3.0,8.5,27.58,76.75,1.35,850,18,5.66,29.8,5.73,9,265,5.5
2024-09-22,Maharashtra,Pune,Velhe,Ambed,18.48,73.58,Rice,10.49,19.18,27.66,90.13,2.27,850,18,8.5,8.37,7.15,9,266,8.69
2024-09-23,Maharashtra,Pune,Velhe,Ambed,18.48,73.58,Rice,10.12,16.55,26.97,86.41,2.02,850,18,19.18,5.66,10.55,9,267,6.43
2024-09-24,Maharashtra,Pune,Velhe,Ambed,18.48,73.58,Rice,9.72,12.72,27.01,88.92,2.2,850,18,16.55,8.5,9.15,9,268,3.0
2024-09-25,Maharashtra,Pune,Velhe,Ambed,18.48,73.58,Rice,10.74,13.01,26.73,79.61,1.63,850,18,12.72,19.18,29.8,9,269,2.27
2024-09-26,Maharashtra,Pune,Velhe,Ambed,18.48,73.58,Rice,1.65,7.8,27.08,73.85,2.35,850,18,13.01,16.55,8.37,9,270,6.15
2024-09-27,Maharashtra,Pune,Velhe,Ambed,18.48,73.58,Rice,11.03,13.14,27.61,88.35,2.92,850,18,7.8,12.72,5.66,9,271,2.11
2024-09-28,Maharashtra,Pune,Velhe,Ambed,18.48,73.58,Rice,4.44,6.29,27.18,80.48,1.43,850,18,13.14,13.01,8.5,9,272,1.85
2024-09-29,Maharashtra,Pune,Velhe,Ambed,18.48,73.58,Rice,0.53,3.76,26.44,76.26,3.3,850,18,6.29,7.8,19.18,9,273,3.23
2024-09-30,Maharashtra,Pune,Velhe,Ambed,18.48,73.58,Rice,0.08,2.16,28.15,77.22,3.01,850,18,3.76,13.14,16.55,9,274,2.08
2024-06-01,Maharashtra,Pune,Velhe,Kuran Kh.,18.45,73.67,Rice,1.0,5.65,24.73,79.4,2.25,820,17,,,,6,153,4.65
2024-06-02,Maharashtra,Pune,Velhe,Kuran Kh.,18.45,73.67,Rice,5.28,10.58,25.3,75.85,0.6,820,17,5.65,,,6,154,5.3
2024-06-03,Maharashtra,Pune,Velhe,Kuran Kh.,18.45,73.67,Rice,9.69,11.4,23.48,88.02,3.14,820,17,10.58,,,6,155,1.71
2024-06-04,Maharashtra,Pune,Velhe,Kuran Kh.,18.45,73.67,Rice,16.91,19.92,24.2,96.34,2.16,820,17,11.4,5.65,,6,156,3.01
2024-06-05,Maharashtra,Pune,Velhe,Kuran Kh.,18.45,73.67,Rice,1.33,8.65,25.67,73.92,3.08,820,17,19.92,10.58,,6,157,7.32
2024-06-06,Maharashtra,Pune,Velhe,Kuran Kh.,18.45,73.67,Rice,7.89,14.14,25.37,88.43,2.91,820,17,8.65,11.4,,6,158,6.25
2024-06-07,Maharashtra,Pune,Velhe,Kuran Kh.,18.45,73.67,Rice,6.29,10.21,24.58,78.43,3.75,820,17,14.14,19.92,,6,159,3.92
2024-06-08,Maharashtra,Pune,Velhe,Kuran Kh.,18.45,73.67,Rice,17.79,22.05,25.96,97.4,2.56,820,17,10.21,8.65,5.65,6,160,4.26
2024-06-09,Maharashtra,Pune,Velhe,Kuran Kh.,18.45,73.67,Rice,1.3,5.17,24.15,77.36,2.34,820,17,22.05,14.14,10.58,6,161,3.87
2024-06-10,Maharashtra,Pune,Velhe,Kuran Kh.,18.45,73.67,Rice,19.38,23.16,25.29,99.0,2.24,820,17,5.17,10.21,11.4,6,162,3.78
2024-06-11,Maharashtra,Pune,Velhe,Kuran Kh.,18.45,73.67,Rice,1.38,3.64,24.28,79.7,2.71,820,17,23.16,22.05,19.92,6,163,2.26
2024-06-12,Maharashtra,Pune,Velhe,Kuran Kh.,18.45,73.67,Rice,0.39,6.13,25.95,80.57,2.43,820,17,3.64,5.17,8.65,6,164,5.74
2024-06-13,Maharashtra,Pune,Velhe,Kuran Kh.,18.45,73.67,Rice,2.01,6.45,25.52,83.56,3.28,820,17,6.13,23.16,14.14,6,165,4.44
2024-06-14,Maharashtra,Pune,Velhe,Kuran Kh.,18.45,73.67,Rice,4.68,7.79,25.46,80.8,1.94,820,17,6.45,3.64,10.21,6,166,3.11
2024-06-15,Maharashtra,Pune,Velhe,Kuran Kh.,18.45,73.67,Rice,6.88,9.37,25.57,82.65,2.6,820,17,7.79,6.13,22.05,6,167,2.49
2024-06-16,Maharashtra,Pune,Velhe,Kuran Kh.,18.45,73.67,Rice,7.14,9.93,26.41,79.92,0.71,820,17,9.37,6.45,5.17,6,168,2.79
2024-06-17,Maharashtra,Pune,Velhe,Kuran Kh.,18.45,73.67,Rice,5.82,11.99,23.58,84.56,3.65,820,17,9.93,7.79,23.16,6,169,6.17
2024-06-18,Maharashtra,Pune,Velhe,Kuran Kh.,18.45,73.67,Rice,1.48,3.72,24.87,76.47,3.54,820,17,11.99,9.37,3.64,6,170,2.24
2024-06-19,Maharashtra,Pune,Velhe,Kuran Kh.,18.45,73.67,Rice,23.66,31.22,25.57,99.0,2.33,820,17,3.72,9.93,6.13,6,171,7.56
2024-06-20,Maharashtra,Pune,Velhe,Kuran Kh.,18.45,73.67,Rice,6.75,16.85,26.19,81.27,3.18,820,17,31.22,11.99,6.45,6,172,10.1
2024-06-21,Maharashtra,Pune,Velhe,Kuran Kh.,18.45,73.67,Rice,4.18,9.74,25.67,82.13,2.41,820,17,16.85,3.72,7.79,6,173,5.56
2024-06-22,Maharashtra,Pune,Velhe,Kuran Kh.,18.45,73.67,Rice,8.4,8.28,26.16,82.16,1.25,820,17,9.74,31.22,9.37,6,174,-0.12
2024-06-23,Maharashtra,Pune,Velhe,Kuran Kh.,18.45,73.67,Rice,5.92,8.29,26.33,77.74,2.07,820,17,8.28,16.85,9.93,6,175,2.37
2024-06-24,Maharashtra,Pune,Velhe,Kuran Kh.,18.45,73.67,Rice,3.4,7.71,25.09,82.98,2.45,820,17,8.29,9.74,11.99,6,176,4.31
2024-06-25,Maharashtra,Pune,Velhe,Kuran Kh.,18.45,73.67,Rice,0.38,4.11,25.69,76.05,2.38,820,17,7.71,8.28,3.72,6,177,3.73
2024-06-26,Maharashtra,Pune,Velhe,Kuran Kh.,18.45,73.67,Rice,8.13,9.66,25.07,81.38,2.63,820,17,4.11,8.29,31.22,6,178,1.53
2024-06-27,Maharashtra,Pune,Velhe,Kuran Kh.,18.45,73.67,Rice,18.43,17.18,24.74,94.78,1.95,820,17,9.66,7.71,16.85,6,179,-1.25
2024-06-28,Maharashtra,Pune,Velhe,Kuran Kh.,18.45,73.67,Rice,4.45,7.57,26.72,78.63,1.71,820,17,17.18,4.11,9.74,6,180,3.12
2024-06-29,Maharashtra,Pune,Velhe,Kuran Kh.,18.45,73.67,Rice,10.62,15.15,26.1,88.15,3.67,820,17,7.57,9.66,8.28,6,181,4.53
2024-06-30,Maharashtra,Pune,Velhe,Kuran Kh.,18.45,73.67,Rice,3.57,6.87,25.19,80.57,1.54,820,17,15.15,17.18,8.29,6,182,3.3
2024-07-01,Maharashtra,Pune,Velhe,Kuran Kh.,18.45,73.67,Rice,3.09,7.95,25.69,83.66,3.33,820,17,6.87,7.57,7.71,7,183,4.86
2024-07-02,Maharashtra,Pune,Velhe,Kuran Kh.,18.45,73.67,Rice,22.61,29.09,24.86,99.0,1.71,820,17,7.95,15.15,4.11,7,184,6.48
2024-07-03,Maharashtra,Pune,Velhe,Kuran Kh.,18.45,73.67,Rice,8.19,11.61,27.54,85.16,2.73,820,17,29.09,6.87,9.66,7,185,3.42
2024-07-04,Maharashtra,Pune,Velhe,Kuran Kh.,18.45,73.67,Rice,5.87,9.64,26.58,87.71,3.72,820,17,11.61,7.95,17.18,7,186,3.77
2024-07-05,Maharashtra,Pune,Velhe,Kuran Kh.,18.45,73.67,Rice,10.02,11.46,26.25,91.78,3.09,820,17,9.64,29.09,7.57,7,187,1.44
2024-07-06,Maharashtra,Pune,Velhe,Kuran Kh.,18.45,73.67,Rice,9.3,14.04,27.2,88.32,2.12,820,17,11.46,11.61,15.15,7,188,4.74
2024-07-07,Maharashtra,Pune,Velhe,Kuran Kh.,18.45,73.67,Rice,10.53,15.05,23.85,81.75,2.76,820,17,14.04,9.64,6.87,7,189,4.52
2024-07-08,Maharashtra,Pune,Velhe,Kuran Kh.,18.45,73.67,Rice,12.05,14.38,27.41,88.53,4.19,820,17,15.05,11.46,7.95,7,190,2.33
2024-07-09,Maharashtra,Pune,Velhe,Kuran Kh.,18.45,73.67,Rice,7.93,14.91,26.58,81.51,2.31,820,17,14.38,14.04,29.09,7,191,6.98
2024-07-10,Maharashtra,Pune,Velhe,Kuran Kh.,18.45,73.67,Rice,7.77,11.01,26.01,89.03,2.43,820,17,14.91,15.05,11.61,7,192,3.24
2024-07-11,Maharashtra,Pune,Velhe,Kuran Kh.,18.45,73.67,Rice,6.12,10.31,27.01,79.34,1.57,820,17,11.01,14.38,9.64,7,193,4.19
2024-07-12,Maharashtra,Pune,Velhe,Kuran Kh.,18.45,73.67,Rice,20.61,21.53,26.93,99.0,1.18,820,17,10.31,14.91,11.46,7,194,0.92
2024-07-13,Maharashtra,Pune,Velhe,Kuran Kh.,18.45,73.67,Rice,10.36,14.86,27.1,82.82,2.66,820,17,21.53,11.01,14.04,7,195,4.5
2024-07-14,Maharashtra,Pune,Velhe,Kuran Kh.,18.45,73.67,Rice,6.22,11.71,27.74,90.64,3.45,820,17,14.86,10.31,15.05,7,196,5.49
2024-07-15,Maharashtra,Pune,Velhe,Kuran Kh.,18.45,73.67,Rice,7.69,12.98,26.83,85.75,3.06,820,17,11.71,21.53,14.38,7,197,5.29
2024-07-16,Maharashtra,Pune,Velhe,Kuran Kh.,18.45,73.67,Rice,8.19,11.11,27.23,85.84,2.67,820,17,12.98,14.86,14.91,7,198,2.92
2024-07-17,Maharashtra,Pune,Velhe,Kuran Kh.,18.45,73.67,Rice,15.8,21.06,27.09,90.02,3.55,820,17,11.11,11.71,11.01,7,199,5.26
2024-07-18,Maharashtra,Pune,Velhe,Kuran Kh.,18.45,73.67,Rice,5.24,6.9,26.15,82.49,2.18,820,17,21.06,12.98,10.31,7,200,1.66
2024-07-19,Maharashtra,Pune,Velhe,Kuran Kh.,18.45,73.67,Rice,6.37,10.79,27.12,85.28,2.89,820,17,6.9,11.11,21.53,7,201,4.42
2024-07-20,Maharashtra,Pune,Velhe,Kuran Kh.,18.45,73.67,Rice,0.24,3.98,27.67,81.03,2.56,820,17,10.79,21.06,14.86,7,202,3.74
2024-07-21,Maharashtra,Pune,Velhe,Kuran Kh.,18.45,73.67,Rice,5.42,8.12,26.97,86.45,1.95,820,17,3.98,6.9,11.71,7,203,2.7
2024-07-22,Maharashtra,Pune,Velhe,Kuran Kh.,18.45,73.67,Rice,18.61,20.45,27.69,99.0,2.48,820,17,8.12,10.79,12.98,7,204,1.84
2024-07-23,Maharashtra,Pune,Velhe,Kuran Kh.,18.45,73.67,Rice,4.03,6.71,27.42,77.02,2.75,820,17,20.45,3.98,11.11,7,205,2.68
2024-07-24,Maharashtra,Pune,Velhe,Kuran Kh.,18.45,73.67,Rice,2.05,6.02,28.79,72.95,3.58,820,17,6.71,8.12,21.06,7,206,3.97
2024-07-25,Maharashtra,Pune,Velhe,Kuran Kh.,18.45,73.67,Rice,11.08,15.07,27.42,88.68,3.56,820,17,6.02,20.45,6.9,7,207,3.99
2024-07-26,Maharashtra,Pune,Velhe,Kuran Kh.,18.45,73.67,Rice,6.03,8.49,27.1,78.94,2.76,820,17,15.07,6.71,10.79,7,208,2.46
2024-07-27,Maharashtra,Pune,Velhe,Kuran Kh.,18.45,73.67,Rice,30.98,34.34,26.4,99.0,1.13,820,17,8.49,6.02,3.98,7,209,3.36
2024-07-28,Maharashtra,Pune,Velhe,Kuran Kh.,18.45,73.67,Rice,3.49,9.87,29.17,77.84,3.55,820,17,34.34,15.07,8.12,7,210,6.38
2024-07-29,Maharashtra,Pune,Velhe,Kuran Kh.,18.45,73.67,Rice,12.59,17.21,27.28,91.56,2.07,820,17,9.87,8.49,20.45,7,211,4.62
2024-07-30,Maharashtra,Pune,Velhe,Kuran Kh.,18.45,73.67,Rice,1.68,6.73,27.07,75.63,2.41,820,17,17.21,34.34,6.71,7,212,5.05
2024-07-31,Maharashtra,Pune,Velhe,Kuran Kh.,18.45,73.67,Rice,20.33,22.76,28.16,99.0,2.8,820,17,6.73,9.87,6.02,7,213,2.43
2024-08-01,Maharashtra,Pune,Velhe,Kuran Kh.,18.45,73.67,Rice,23.49,29.5,27.75,99.0,2.82,820,17,22.76,17.21,15.07,8,214,6.01
2024-08-02,Maharashtra,Pune,Velhe,Kuran Kh.,18.45,73.67,Rice,2.82,3.85,26.8,84.59,3.07,820,17,29.5,6.73,8.49,8,215,1.03
2024-08-03,Maharashtra,Pune,Velhe,Kuran Kh.,18.45,73.67,Rice,33.55,35.0,27.21,99.0,2.46,820,17,3.85,22.76,34.34,8,216,1.45
2024-08-04,Maharashtra,Pune,Velhe,Kuran Kh.,18.45,73.67,Rice,26.11,30.56,26.71,99.0,2.4,820,17,35.0,29.5,9.87,8,217,4.45
2024-08-05,Maharashtra,Pune,Velhe,Kuran Kh.,18.45,73.67,Rice,4.42,7.8,27.24,88.38,2.32,820,17,30.56,3.85,17.21,8,218,3.38
2024-08-06,Maharashtra,Pune,Velhe,Kuran Kh.,18.45,73.67,Rice,7.85,9.81,27.27,82.67,3.51,820,17,7.8,35.0,6.73,8,219,1.96
2024-08-07,Maharashtra,Pune,Velhe,Kuran Kh.,18.45,73.67,Rice,8.43,12.3,27.5,85.76,2.4,820,17,9.81,30.56,22.76,8,220,3.87
2024-08-08,Maharashtra,Pune,Velhe,Kuran Kh.,18.45,73.67,Rice,36.93,36.67,27.11,99.0,2.95,820,17,12.3,7.8,29.5,8,221,-0.26
2024-08-09,Maharashtra,Pune,Velhe,Kuran Kh.,18.45,73.67,Rice,14.89,20.68,28.23,94.6,3.17,820,17,36.67,9.81,3.85,8,222,5.79
2024-08-10,Maharashtra,Pune,Velhe,Kuran Kh.,18.45,73.67,Rice,12.39,17.53,27.61,90.87,3.58,820,17,20.68,12.3,35.0,8,223,5.14
2024-08-11,Maharashtra,Pune,Velhe,Kuran Kh.,18.45,73.67,Rice,0.09,1.46,27.3,75.09,1.19,820,17,17.53,36.67,30.56,8,224,1.37
2024-08-12,Maharashtra,Pune,Velhe,Kuran Kh.,18.45,73.67,Rice,2.98,11.65,28.83,77.93,2.11,820,17,1.46,20.68,7.8,8,225,8.67
2024-08-13,Maharashtra,Pune,Velhe,Kuran Kh.,18.45,73.67,Rice,2.32,5.83,26.89,78.44,1.12,820,17,11.65,17.53,9.81,8,226,3.51
2024-08-14,Maharashtra,Pune,Velhe,Kuran Kh.,18.45,73.67,Rice,3.94,8.43,27.89,75.45,3.08,820,17,5.83,1.46,12.3,8,227,4.49
2024-08-15,Maharashtra,Pune,Velhe,Kuran Kh.,18.45,73.67,Rice,3.71,7.44,26.65,79.19,2.69,820,17,8.43,11.65,36.67,8,228,3.73
2024-08-16,Maharashtra,Pune,Velhe,Kuran Kh.,18.45,73.67,Rice,15.45,22.26,28.33,93.51,3.0,820,17,7.44,5.83,20.68,8,229,6.81
2024-08-17,Maharashtra,Pune,Velhe,Kuran Kh.,18.45,73.67,Rice,38.07,39.36,26.99,99.0,1.55,820,17,22.26,8.43,17.53,8,230,1.29
2024-08-18,Maharashtra,Pune,Velhe,Kuran Kh.,18.45,73.67,Rice,1.65,6.24,27.58,75.38,1.86,820,17,39.36,7.44,1.46,8,231,4.59
2024-08-19,Maharashtra,Pune,Velhe,Kuran Kh.,18.45,73.67,Rice,3.96,12.28,27.87,84.3,2.01,820,17,6.24,22.26,11.65,8,232,8.32
2024-08-20,Maharashtra,Pune,Velhe,Kuran Kh.,18.45,73.67,Rice,7.12,5.57,26.7,77.3,0.6,820,17,12.28,39.36,5.83,8,233,-1.55
2024-08-21,Maharashtra,Pune,Velhe,Kuran Kh.,18.45,73.67,Rice,1.96,5.62,28.58,80.0,3.03,820,17,5.57,6.24,8.43,8,234,3.66
2024-08-22,Maharashtra,Pune,Velhe,Kuran Kh.,18.45,73.67,Rice,2.98,8.19,27.28,81.82,2.85,820,17,5.62,12.28,7.44,8,235,5.21
2024-08-23,Maharashtra,Pune,Velhe,Kuran Kh.,18.45,73.67,Rice,4.6,5.98,27.75,82.82,1.77,820,17,8.19,5.57,22.26,8,236,1.38
2024-08-24,Maharashtra,Pune,Velhe,Kuran Kh.,18.45,73.67,Rice,8.37,13.35,28.78,91.15,1.6,820,17,5.98,5.62,39.36,8,237,4.98
2024-08-25,Maharashtra,Pune,Velhe,Kuran Kh.,18.45,73.67,Rice,29.59,35.43,27.74,99.0,0.95,820,17,13.35,8.19,6.24,8,238,5.84
2024-08-26,Maharashtra,Pune,Velhe,Kuran Kh.,18.45,73.67,Rice,6.7,12.38,28.76,80.85,2.64,820,17,35.43,5.98,12.28,8,239,5.68
2024-08-27,Maharashtra,Pune,Velhe,Kuran Kh.,18.45,73.67,Rice,3.52,8.82,27.67,87.19,2.01,820,17,12.38,13.35,5.57,8,240,5.3
2024-08-28,Maharashtra,Pune,Velhe,Kuran Kh.,18.45,73.67,Rice,17.89,23.24,27.39,97.27,2.31,820,17,8.82,35.43,5.62,8,241,5.35
2024-08-29,Maharashtra,Pune,Velhe,Kuran Kh.,18.45,73.67,Rice,2.97,8.02,28.11,85.71,3.56,820,17,23.24,12.38,8.19,8,242,5.05
2024-08-30,Maharashtra,Pune,Velhe,Kuran Kh.,18.45,73.67,Rice,5.11,7.61,27.71,79.73,3.7,820,17,8.02,8.82,5.98,8,243,2.5
2024-08-31,Maharashtra,Pune,Velhe,Kuran Kh.,18.45,73.67,Rice,10.35,16.49,26.17,80.37,3.04,820,17,7.61,23.24,13.35,8,244,6.14
2024-09-01,Maharashtra,Pune,Velhe,Kuran Kh.,18.45,73.67,Rice,7.75,8.85,27.67,93.32,3.06,820,17,16.49,8.02,35.43,9,245,1.1
2024-09-02,Maharashtra,Pune,Velhe,Kuran Kh.,18.45,73.67,Rice,8.46,11.42,26.19,87.19,3.08,820,17,8.85,7.61,12.38,9,246,2.96
2024-09-03,Maharashtra,Pune,Velhe,Kuran Kh.,18.45,73.67,Rice,0.84,2.28,27.0,77.23,0.73,820,17,11.42,16.49,8.82,9,247,1.44
2024-09-04,Maharashtra,Pune,Velhe,Kuran Kh.,18.45,73.67,Rice,12.05,15.3,25.93,86.47,3.39,820,17,2.28,8.85,23.24,9,248,3.25
2024-09-05,Maharashtra,Pune,Velhe,Kuran Kh.,18.45,73.67,Rice,1.64,4.04,27.95,80.23,3.87,820,17,15.3,11.42,8.02,9,249,2.4
2024-09-06,Maharashtra,Pune,Velhe,Kuran Kh.,18.45,73.67,Rice,5.55,6.32,28.49,79.61,1.95,820,17,4.04,2.28,7.61,9,250,0.77
2024-09-07,Maharashtra,Pune,Velhe,Kuran Kh.,18.45,73.67,Rice,6.55,10.75,28.32,85.03,1.13,820,17,6.32,15.3,16.49,9,251,4.2
2024-09-08,Maharashtra,Pune,Velhe,Kuran Kh.,18.45,73.67,Rice,5.83,5.82,26.88,86.5,2.62,820,17,10.75,4.04,8.85,9,252,-0.01
2024-09-09,Maharashtra,Pune,Velhe,Kuran Kh.,18.45,73.67,Rice,9.43,14.11,28.08,98.15,2.23,820,17,5.82,6.32,11.42,9,253,4.68
2024-09-10,Maharashtra,Pune,Velhe,Kuran Kh.,18.45,73.67,Rice,2.61,7.24,27.24,75.0,4.25,820,17,14.11,10.75,2.28,9,254,4.63
2024-09-11,Maharashtra,Pune,Velhe,Kuran Kh.,18.45,73.67,Rice,8.47,14.06,27.51,85.16,2.85,820,17,7.24,5.82,15.3,9,255,5.59
2024-09-12,Maharashtra,Pune,Velhe,Kuran Kh.,18.45,73.67,Rice,1.22,6.42,28.91,79.33,2.1,820,17,14.06,14.11,4.04,9,256,5.2
2024-09-13,Maharashtra,Pune,Velhe,Kuran Kh.,18.45,73.67,Rice,3.55,6.79,27.29,83.92,1.01,820,17,6.42,7.24,6.32,9,257,3.24
2024-09-14,Maharashtra,Pune,Velhe,Kuran Kh.,18.45,73.67,Rice,12.44,16.95,26.75,96.25,3.4,820,17,6.79,14.06,10.75,9,258,4.51
2024-09-15,Maharashtra,Pune,Velhe,Kuran Kh.,18.45,73.67,Rice,13.15,18.56,27.8,85.36,2.38,820,17,16.95,6.42,5.82,9,259,5.41
2024-09-16,Maharashtra,Pune,Velhe,Kuran Kh.,18.45,73.67,Rice,8.03,12.13,27.7,91.53,3.38,820,17,18.56,6.79,14.11,9,260,4.1
2024-09-17,Maharashtra,Pune,Velhe,Kuran Kh.,18.45,73.67,Rice,4.79,8.73,28.35,77.4,2.67,820,17,12.13,16.95,7.24,9,261,3.94
2024-09-18,Maharashtra,Pune,Velhe,Kuran Kh.,18.45,73.67,Rice,1.94,8.64,27.08,80.17,0.9,820,17,8.73,18.56,14.06,9,262,6.7
2024-09-19,Maharashtra,Pune,Velhe,Kuran Kh.,18.45,73.67,Rice,22.31,25.69,27.84,97.13,3.35,820,17,8.64,12.13,6.42,9,263,3.38
2024-09-20,Maharashtra,Pune,Velhe,Kuran Kh.,18.45,73.67,Rice,3.83,6.59,27.0,83.37,2.6,820,17,25.69,8.73,6.79,9,264,2.76
2024-09-21,Maharashtra,Pune,Velhe,Kuran Kh.,18.45,73.67,Rice,9.27,14.04,27.09,96.04,1.15,820,17,6.59,8.64,16.95,9,265,4.77
2024-09-22,Maharashtra,Pune,Velhe,Kuran Kh.,18.45,73.67,Rice,14.27,16.31,28.92,97.1,3.18,820,17,14.04,25.69,18.56,9,266,2.04
2024-09-23,Maharashtra,Pune,Velhe,Kuran Kh.,18.45,73.67,Rice,5.15,8.49,27.61,87.79,2.55,820,17,16.31,6.59,12.13,9,267,3.34
2024-09-24,Maharashtra,Pune,Velhe,Kuran Kh.,18.45,73.67,Rice,1.73,7.32,27.77,81.06,2.18,820,17,8.49,14.04,8.73,9,268,5.59
2024-09-25,Maharashtra,Pune,Velhe,Kuran Kh.,18.45,73.67,Rice,1.65,2.13,27.44,77.65,2.05,820,17,7.32,16.31,8.64,9,269,0.48
2024-09-26,Maharashtra,Pune,Velhe,Kuran Kh.,18.45,73.67,Rice,11.88,16.35,26.28,96.01,2.28,820,17,2.13,8.49,25.69,9,270,4.47
2024-09-27,Maharashtra,Pune,Velhe,Kuran Kh.,18.45,73.67,Rice,6.02,12.8,27.0,80.85,2.14,820,17,16.35,7.32,6.59,9,271,6.78
2024-09-28,Maharashtra,Pune,Velhe,Kuran Kh.,18.45,73.67,Rice,7.1,10.06,28.22,84.06,4.24,820,17,12.8,2.13,14.04,9,272,2.96
2024-09-29,Maharashtra,Pune,Velhe,Kuran Kh.,18.45,73.67,Rice,4.79,9.25,27.83,78.85,1.72,820,17,10.06,16.35,16.31,9,273,4.46
2024-09-30,Maharashtra,Pune,Velhe,Kuran Kh.,18.45,73.67,Rice,6.49,10.32,26.22,78.35,1.26,820,17,9.25,12.8,8.49,9,274,3.83
2024-06-01,Maharashtra,Pune,Velhe,Mangaon,18.4,73.7,Rice,0.31,6.11,24.68,67.34,2.25,780,16,,,,6,153,5.8
2024-06-02,Maharashtra,Pune,Velhe,Mangaon,18.4,73.7,Rice,3.47,4.1,24.46,86.98,2.76,780,16,6.11,,,6,154,0.63
2024-06-03,Maharashtra,Pune,Velhe,Mangaon,18.4,73.7,Rice,6.9,11.11,25.32,81.04,3.1,780,16,4.1,,,6,155,4.21
2024-06-04,Maharashtra,Pune,Velhe,Mangaon,18.4,73.7,Rice,0.74,4.65,24.4,76.8,1.9,780,16,11.11,6.11,,6,156,3.91
2024-06-05,Maharashtra,Pune,Velhe,Mangaon,18.4,73.7,Rice,1.23,2.57,25.1,72.87,2.97,780,16,4.65,4.1,,6,157,1.34
2024-06-06,Maharashtra,Pune,Velhe,Mangaon,18.4,73.7,Rice,1.06,3.37,25.85,78.6,2.23,780,16,2.57,11.11,,6,158,2.31
2024-06-07,Maharashtra,Pune,Velhe,Mangaon,18.4,73.7,Rice,7.2,10.66,26.37,85.17,2.45,780,16,3.37,4.65,,6,159,3.46
2024-06-08,Maharashtra,Pune,Velhe,Mangaon,18.4,73.7,Rice,7.67,7.22,23.84,86.04,1.83,780,16,10.66,2.57,6.11,6,160,-0.45
2024-06-09,Maharashtra,Pune,Velhe,Mangaon,18.4,73.7,Rice,13.87,13.55,24.18,81.64,2.21,780,16,7.22,3.37,4.1,6,161,-0.32
2024-06-10,Maharashtra,Pune,Velhe,Mangaon,18.4,73.7,Rice,4.07,9.78,25.95,80.2,0.69,780,16,13.55,10.66,11.11,6,162,5.71
2024-06-11,Maharashtra,Pune,Velhe,Mangaon,18.4,73.7,Rice,8.65,12.82,25.85,81.73,4.01,780,16,9.78,7.22,4.65,6,163,4.17
2024-06-12,Maharashtra,Pune,Velhe,Mangaon,18.4,73.7,Rice,1.69,1.86,24.56,84.09,2.19,780,16,12.82,13.55,2.57,6,164,0.17
2024-06-13,Maharashtra,Pune,Velhe,Mangaon,18.4,73.7,Rice,10.73,14.07,26.21,87.93,0.98,780,16,1.86,9.78,3.37,6,165,3.34
2024-06-14,Maharashtra,Pune,Velhe,Mangaon,18.4,73.7,Rice,2.17,6.51,24.21,75.7,1.93,780,16,14.07,12.82,10.66,6,166,4.34
2024-06-15,Maharashtra,Pune,Velhe,Mangaon,18.4,73.7,Rice,3.73,6.02,24.84,83.56,3.05,780,16,6.51,1.86,7.22,6,167,2.29
2024-06-16,Maharashtra,Pune,Velhe,Mangaon,18.4,73.7,Rice,4.79,8.62,24.83,77.17,1.65,780,16,6.02,14.07,13.55,6,168,3.83
2024-06-17,Maharashtra,Pune,Velhe,Mangaon,18.4,73.7,Rice,2.84,6.71,25.96,73.06,2.42,780,16,8.62,6.51,9.78,6,169,3.87
2024-06-18,Maharashtra,Pune,Velhe,Mangaon,18.4,73.7,Rice,4.61,8.13,24.48,76.48,2.42,780,16,6.71,6.02,12.82,6,170,3.52
2024-06-19,Maharashtra,Pune,Velhe,Mangaon,18.4,73.7,Rice,8.04,11.28,25.93,82.84,2.3,780,16,8.13,8.62,1.86,6,171,3.24
2024-06-20,Maharashtra,Pune,Velhe,Mangaon,18.4,73.7,Rice,0.65,6.08,24.91,74.95,1.29,780,16,11.28,6.71,14.07,6,172,5.43
2024-06-21,Maharashtra,Pune,Velhe,Mangaon,18.4,73.7,Rice,0.98,3.07,25.91,78.99,2.66,780,16,6.08,8.13,6.51,6,173,2.09
2024-06-22,Maharashtra,Pune,Velhe,Mangaon,18.4,73.7,Rice,7.7,9.12,25.66,89.78,3.41,780,16,3.07,11.28,6.02,6,174,1.42
2024-06-23,Maharashtra,Pune,Velhe,Mangaon,18.4,73.7,Rice,0.99,7.26,26.1,77.97,2.23,780,16,9.12,6.08,8.62,6,175,6.27
2024-06-24,Maharashtra,Pune,Velhe,Mangaon,18.4,73.7,Rice,4.29,7.33,25.76,81.46,1.86,780,16,7.26,3.07,6.71,6,176,3.04
2024-06-25,Maharashtra,Pune,Velhe,Mangaon,18.4,73.7,Rice,10.43,10.42,26.07,85.47,2.86,780,16,7.33,9.12,8.13,6,177,-0.01
2024-06-26,Maharashtra,Pune,Velhe,Mangaon,18.4,73.7,Rice,6.89,12.79,26.02,88.79,0.52,780,16,10.42,7.26,11.28,6,178,5.9
2024-06-27,Maharashtra,Pune,Velhe,Mangaon,18.4,73.7,Rice,23.19,28.89,25.08,99.0,2.52,780,16,12.79,7.33,6.08,6,179,5.7
2024-06-28,Maharashtra,Pune,Velhe,Mangaon,18.4,73.7,Rice,6.68,12.4,24.75,87.92,2.41,780,16,28.89,10.42,3.07,6,180,5.72
2024-06-29,Maharashtra,Pune,Velhe,Mangaon,18.4,73.7,Rice,5.63,10.18,24.34,85.34,1.21,780,16,12.4,12.79,9.12,6,181,4.55
2024-06-30,Maharashtra,Pune,Velhe,Mangaon,18.4,73.7,Rice,7.37,13.26,25.95,82.07,1.99,780,16,10.18,28.89,7.26,6,182,5.89
2024-07-01,Maharashtra,Pune,Velhe,Mangaon,18.4,73.7,Rice,19.96,22.74,25.96,93.68,2.71,780,16,13.26,12.4,7.33,7,183,2.78
2024-07-02,Maharashtra,Pune,Velhe,Mangaon,18.4,73.7,Rice,0.58,4.39,27.84,72.3,2.32,780,16,22.74,10.18,10.42,7,184,3.81
2024-07-03,Maharashtra,Pune,Velhe,Mangaon,18.4,73.7,Rice,3.41,6.96,26.42,77.3,2.33,780,16,4.39,13.26,12.79,7,185,3.55
2024-07-04,Maharashtra,Pune,Velhe,Mangaon,18.4,73.7,Rice,0.84,5.29,26.11,70.55,3.19,780,16,6.96,22.74,28.89,7,186,4.45
2024-07-05,Maharashtra,Pune,Velhe,Mangaon,18.4,73.7,Rice,10.51,13.5,25.26,84.51,1.97,780,16,5.29,4.39,12.4,7,187,2.99
2024-07-06,Maharashtra,Pune,Velhe,Mangaon,18.4,73.7,Rice,20.78,25.61,25.98,99.0,2.29,780,16,13.5,6.96,10.18,7,188,4.83
2024-07-07,Maharashtra,Pune,Velhe,Mangaon,18.4,73.7,Rice,16.29,16.7,25.43,93.42,1.4,780,16,25.61,5.29,13.26,7,189,0.41
2024-07-08,Maharashtra,Pune,Velhe,Mangaon,18.4,73.7,Rice,11.38,19.68,25.23,90.48,1.5,780,16,16.7,13.5,22.74,7,190,8.3
2024-07-09,Maharashtra,Pune,Velhe,Mangaon,18.4,73.7,Rice,4.72,3.62,26.66,89.28,2.04,780,16,19.68,25.61,4.39,7,191,-1.1
2024-07-10,Maharashtra,Pune,Velhe,Mangaon,18.4,73.7,Rice,10.25,13.47,26.13,79.2,2.91,780,16,3.62,16.7,6.96,7,192,3.22
2024-07-11,Maharashtra,Pune,Velhe,Mangaon,18.4,73.7,Rice,7.29,11.1,26.17,82.64,2.89,780,16,13.47,19.68,5.29,7,193,3.81
2024-07-12,Maharashtra,Pune,Velhe,Mangaon,18.4,73.7,Rice,1.51,2.27,26.15,85.51,3.3,780,16,11.1,3.62,13.5,7,194,0.76
2024-07-13,Maharashtra,Pune,Velhe,Mangaon,18.4,73.7,Rice,9.18,11.67,26.71,87.16,2.33,780,16,2.27,13.47,25.61,7,195,2.49
2024-07-14,Maharashtra,Pune,Velhe,Mangaon,18.4,73.7,Rice,8.22,8.88,26.34,89.52,1.31,780,16,11.67,11.1,16.7,7,196,0.66
2024-07-15,Maharashtra,Pune,Velhe,Mangaon,18.4,73.7,Rice,7.09,10.87,26.47,90.42,2.81,780,16,8.88,2.27,19.68,7,197,3.78
2024-07-16,Maharashtra,Pune,Velhe,Mangaon,18.4,73.7,Rice,1.66,3.66,26.38,79.25,2.01,780,16,10.87,11.67,3.62,7,198,2.0
2024-07-17,Maharashtra,Pune,Velhe,Mangaon,18.4,73.7,Rice,18.77,21.08,26.36,96.26,3.28,780,16,3.66,8.88,13.47,7,199,2.31
2024-07-18,Maharashtra,Pune,Velhe,Mangaon,18.4,73.7,Rice,15.47,23.55,26.14,94.84,1.46,780,16,21.08,10.87,11.1,7,200,8.08
2024-07-19,Maharashtra,Pune,Velhe,Mangaon,18.4,73.7,Rice,3.78,5.21,26.16,79.96,1.43,780,16,23.55,3.66,2.27,7,201,1.43
2024-07-20,Maharashtra,Pune,Velhe,Mangaon,18.4,73.7,Rice,18.71,27.88,26.62,98.74,1.36,780,16,5.21,21.08,11.67,7,202,9.17
2024-07-21,Maharashtra,Pune,Velhe,Mangaon,18.4,73.7,Rice,34.3,38.44,26.03,99.0,1.5,780,16,27.88,23.55,8.88,7,203,4.14
2024-07-22,Maharashtra,Pune,Velhe,Mangaon,18.4,73.7,Rice,29.67,33.41,25.3,99.0,2.95,780,16,38.44,5.21,10.87,7,204,3.74
2024-07-23,Maharashtra,Pune,Velhe,Mangaon,18.4,73.7,Rice,25.35,25.71,27.25,99.0,1.07,780,16,33.41,27.88,3.66,7,205,0.36
2024-07-24,Maharashtra,Pune,Velhe,Mangaon,18.4,73.7,Rice,9.44,12.39,25.78,86.03,2.14,780,16,25.71,38.44,21.08,7,206,2.95
2024-07-25,Maharashtra,Pune,Velhe,Mangaon,18.4,73.7,Rice,8.3,10.97,27.08,87.73,2.16,780,16,12.39,33.41,23.55,7,207,2.67
2024-07-26,Maharashtra,Pune,Velhe,Mangaon,18.4,73.7,Rice,6.35,6.06,27.48,83.62,2.43,780,16,10.97,25.71,5.21,7,208,-0.29
2024-07-27,Maharashtra,Pune,Velhe,Mangaon,18.4,73.7,Rice,0.47,4.01,27.3,74.72,2.93,780,16,6.06,12.39,27.88,7,209,3.54
2024-07-28,Maharashtra,Pune,Velhe,Mangaon,18.4,73.7,Rice,21.87,24.9,25.73,99.0,3.38,780,16,4.01,10.97,38.44,7,210,3.03
2024-07-29,Maharashtra,Pune,Velhe,Mangaon,18.4,73.7,Rice,17.69,22.59,27.84,99.0,1.7,780,16,24.9,6.06,33.41,7,211,4.9
2024-07-30,Maharashtra,Pune,Velhe,Mangaon,18.4,73.7,Rice,8.07,11.74,26.49,87.35,2.86,780,16,22.59,4.01,25.71,7,212,3.67
2024-07-31,Maharashtra,Pune,Velhe,Mangaon,18.4,73.7,Rice,11.14,14.17,28.33,85.77,1.93,780,16,11.74,24.9,12.39,7,213,3.03
2024-08-01,Maharashtra,Pune,Velhe,Mangaon,18.4,73.7,Rice,10.46,11.01,26.41,80.4,2.43,780,16,14.17,22.59,10.97,8,214,0.55
2024-08-02,Maharashtra,Pune,Velhe,Mangaon,18.4,73.7,Rice,2.73,7.6,26.9,80.2,2.16,780,16,11.01,11.74,6.06,8,215,4.87
2024-08-03,Maharashtra,Pune,Velhe,Mangaon,18.4,73.7,Rice,18.65,20.82,27.26,99.0,2.71,780,16,7.6,14.17,4.01,8,216,2.17
2024-08-04,Maharashtra,Pune,Velhe,Mangaon,18.4,73.7,Rice,1.7,3.08,28.39,82.13,2.63,780,16,20.82,11.01,24.9,8,217,1.38
2024-08-05,Maharashtra,Pune,Velhe,Mangaon,18.4,73.7,Rice,11.76,16.67,27.17,91.06,3.1,780,16,3.08,7.6,22.59,8,218,4.91
2024-08-06,Maharashtra,Pune,Velhe,Mangaon,18.4,73.7,Rice,5.51,6.67,26.7,75.29,2.98,780,16,16.67,20.82,11.74,8,219,1.16
2024-08-07,Maharashtra,Pune,Velhe,Mangaon,18.4,73.7,Rice,39.45,39.75,27.98,99.0,2.03,780,16,6.67,3.08,14.17,8,220,0.3
2024-08-08,Maharashtra,Pune,Velhe,Mangaon,18.4,73.7,Rice,10.82,14.91,26.75,89.79,1.15,780,16,39.75,16.67,11.01,8,221,4.09
2024-08-09,Maharashtra,Pune,Velhe,Mangaon,18.4,73.7,Rice,15.78,17.76,26.72,86.31,2.19,780,16,14.91,6.67,7.6,8,222,1.98
2024-08-10,Maharashtra,Pune,Velhe,Mangaon,18.4,73.7,Rice,5.15,9.61,27.22,77.88,1.96,780,16,17.76,39.75,20.82,8,223,4.46
2024-08-11,Maharashtra,Pune,Velhe,Mangaon,18.4,73.7,Rice,23.18,26.47,27.98,99.0,2.43,780,16,9.61,14.91,3.08,8,224,3.29
2024-08-12,Maharashtra,Pune,Velhe,Mangaon,18.4,73.7,Rice,10.81,15.24,27.02,91.02,2.84,780,16,26.47,17.76,16.67,8,225,4.43
2024-08-13,Maharashtra,Pune,Velhe,Mangaon,18.4,73.7,Rice,21.93,22.55,26.82,99.0,0.86,780,16,15.24,9.61,6.67,8,226,0.62
2024-08-14,Maharashtra,Pune,Velhe,Mangaon,18.4,73.7,Rice,23.36,24.53,27.19,99.0,3.09,780,16,22.55,26.47,39.75,8,227,1.17
2024-08-15,Maharashtra,Pune,Velhe,Mangaon,18.4,73.7,Rice,17.19,19.93,27.01,99.0,1.32,780,16,24.53,15.24,14.91,8,228,2.74
2024-08-16,Maharashtra,Pune,Velhe,Mangaon,18.4,73.7,Rice,31.43,32.66,27.15,99.0,1.38,780,16,19.93,22.55,17.76,8,229,1.23
2024-08-17,Maharashtra,Pune,Velhe,Mangaon,18.4,73.7,Rice,9.73,8.92,27.37,80.46,1.8,780,16,32.66,24.53,9.61,8,230,-0.81
2024-08-18,Maharashtra,Pune,Velhe,Mangaon,18.4,73.7,Rice,3.1,10.65,27.69,80.7,0.98,780,16,8.92,19.93,26.47,8,231,7.55
2024-08-19,Maharashtra,Pune,Velhe,Mangaon,18.4,73.7,Rice,4.26,5.76,28.29,76.3,2.17,780,16,10.65,32.66,15.24,8,232,1.5
2024-08-20,Maharashtra,Pune,Velhe,Mangaon,18.4,73.7,Rice,4.57,6.84,27.48,80.54,1.81,780,16,5.76,8.92,22.55,8,233,2.27
2024-08-21,Maharashtra,Pune,Velhe,Mangaon,18.4,73.7,Rice,13.1,16.47,27.37,94.91,2.21,780,16,6.84,10.65,24.53,8,234,3.37
2024-08-22,Maharashtra,Pune,Velhe,Mangaon,18.4,73.7,Rice,6.12,13.06,26.74,86.42,0.89,780,16,16.47,5.76,19.93,8,235,6.94
2024-08-23,Maharashtra,Pune,Velhe,Mangaon,18.4,73.7,Rice,10.12,14.65,27.81,85.9,2.42,780,16,13.06,6.84,32.66,8,236,4.53
2024-08-24,Maharashtra,Pune,Velhe,Mangaon,18.4,73.7,Rice,6.32,9.29,27.83,80.52,1.75,780,16,14.65,16.47,8.92,8,237,2.97
2024-08-25,Maharashtra,Pune,Velhe,Mangaon,18.4,73.7,Rice,1.42,6.06,27.86,81.57,2.47,780,16,9.29,13.06,10.65,8,238,4.64
2024-08-26,Maharashtra,Pune,Velhe,Mangaon,18.4,73.7,Rice,11.36,14.72,27.33,98.49,2.04,780,16,6.06,14.65,5.76,8,239,3.36
2024-08-27,Maharashtra,Pune,Velhe,Mangaon,18.4,73.7,Rice,3.79,7.85,26.72,85.04,2.32,780,16,14.72,9.29,6.84,8,240,4.06
2024-08-28,Maharashtra,Pune,Velhe,Mangaon,18.4,73.7,Rice,2.04,6.84,26.81,85.56,2.93,780,16,7.85,6.06,16.47,8,241,4.8
2024-08-29,Maharashtra,Pune,Velhe,Mangaon,18.4,73.7,Rice,7.56,11.42,27.68,82.43,2.87,780,16,6.84,14.72,13.06,8,242,3.86
2024-08-30,Maharashtra,Pune,Velhe,Mangaon,18.4,73.7,Rice,11.56,13.53,27.79,89.59,1.33,780,16,11.42,7.85,14.65,8,243,1.97
2024-08-31,Maharashtra,Pune,Velhe,Mangaon,18.4,73.7,Rice,1.07,0.0,27.84,75.38,3.45,780,16,13.53,6.84,9.29,8,244,-1.07
2024-09-01,Maharashtra,Pune,Velhe,Mangaon,18.4,73.7,Rice,4.35,7.1,27.77,84.17,2.03,780,16,0.0,11.42,6.06,9,245,2.75
2024-09-02,Maharashtra,Pune,Velhe,Mangaon,18.4,73.7,Rice,16.65,20.79,28.33,98.62,3.93,780,16,7.1,13.53,14.72,9,246,4.14
2024-09-03,Maharashtra,Pune,Velhe,Mangaon,18.4,73.7,Rice,3.04,4.6,28.14,81.64,2.48,780,16,20.79,0.0,7.85,9,247,1.56
2024-09-04,Maharashtra,Pune,Velhe,Mangaon,18.4,73.7,Rice,1.82,2.92,28.48,89.61,2.69,780,16,4.6,7.1,6.84,9,248,1.1
2024-09-05,Maharashtra,Pune,Velhe,Mangaon,18.4,73.7,Rice,11.57,11.5,27.24,85.52,1.24,780,16,2.92,20.79,11.42,9,249,-0.07
2024-09-06,Maharashtra,Pune,Velhe,Mangaon,18.4,73.7,Rice,25.59,29.9,27.44,99.0,3.17,780,16,11.5,4.6,13.53,9,250,4.31
2024-09-07,Maharashtra,Pune,Velhe,Mangaon,18.4,73.7,Rice,6.48,9.64,27.4,78.15,0.82,780,16,29.9,2.92,0.0,9,251,3.16
2024-09-08,Maharashtra,Pune,Velhe,Mangaon,18.4,73.7,Rice,5.05,7.46,26.73,81.93,2.44,780,16,9.64,11.5,7.1,9,252,2.41
2024-09-09,Maharashtra,Pune,Velhe,Mangaon,18.4,73.7,Rice,0.18,4.55,27.89,71.6,2.53,780,16,7.46,29.9,20.79,9,253,4.37
2024-09-10,Maharashtra,Pune,Velhe,Mangaon,18.4,73.7,Rice,15.0,18.36,27.28,91.48,2.77,780,16,4.55,9.64,4.6,9,254,3.36
2024-09-11,Maharashtra,Pune,Velhe,Mangaon,18.4,73.7,Rice,7.53,11.35,28.16,85.42,3.03,780,16,18.36,7.46,2.92,9,255,3.82
2024-09-12,Maharashtra,Pune,Velhe,Mangaon,18.4,73.7,Rice,12.97,12.9,28.65,92.59,1.03,780,16,11.35,4.55,11.5,9,256,-0.07
2024-09-13,Maharashtra,Pune,Velhe,Mangaon,18.4,73.7,Rice,2.76,5.75,27.2,84.92,1.56,780,16,12.9,18.36,29.9,9,257,2.99
2024-09-14,Maharashtra,Pune,Velhe,Mangaon,18.4,73.7,Rice,2.44,6.77,27.89,82.57,2.56,780,16,5.75,11.35,9.64,9,258,4.33
2024-09-15,Maharashtra,Pune,Velhe,Mangaon,18.4,73.7,Rice,9.09,12.76,27.6,87.77,3.02,780,16,6.77,12.9,7.46,9,259,3.67
2024-09-16,Maharashtra,Pune,Velhe,Mangaon,18.4,73.7,Rice,9.43,11.36,27.55,87.2,2.55,780,16,12.76,5.75,4.55,9,260,1.93
2024-09-17,Maharashtra,Pune,Velhe,Mangaon,18.4,73.7,Rice,28.33,32.73,28.23,99.0,4.27,780,16,11.36,6.77,18.36,9,261,4.4
2024-09-18,Maharashtra,Pune,Velhe,Mangaon,18.4,73.7,Rice,3.75,5.7,27.21,81.5,3.08,780,16,32.73,12.76,11.35,9,262,1.95
2024-09-19,Maharashtra,Pune,Velhe,Mangaon,18.4,73.7,Rice,7.29,10.65,27.2,95.57,2.72,780,16,5.7,11.36,12.9,9,263,3.36
2024-09-20,Maharashtra,Pune,Velhe,Mangaon,18.4,73.7,Rice,2.41,4.08,28.07,77.44,2.5,780,16,10.65,32.73,5.75,9,264,1.67
2024-09-21,Maharashtra,Pune,Velhe,Mangaon,18.4,73.7,Rice,4.91,6.77,26.63,82.79,2.88,780,16,4.08,5.7,6.77,9,265,1.86
2024-09-22,Maharashtra,Pune,Velhe,Mangaon,18.4,73.7,Rice,6.95,11.86,26.84,82.26,1.64,780,16,6.77,10.65,12.76,9,266,4.91
2024-09-23,Maharashtra,Pune,Velhe,Mangaon,18.4,73.7,Rice,14.37,19.13,28.21,99.0,1.03,780,16,11.86,4.08,11.36,9,267,4.76
2024-09-24,Maharashtra,Pune,Velhe,Mangaon,18.4,73.7,Rice,2.17,4.02,26.55,77.41,1.43,780,16,19.13,6.77,32.73,9,268,1.85
2024-09-25,Maharashtra,Pune,Velhe,Mangaon,18.4,73.7,Rice,6.54,11.06,27.63,86.26,2.1,780,16,4.02,11.86,5.7,9,269,4.52
2024-09-26,Maharashtra,Pune,Velhe,Mangaon,18.4,73.7,Rice,22.49,22.31,26.55,96.02,2.41,780,16,11.06,19.13,10.65,9,270,-0.18
2024-09-27,Maharashtra,Pune,Velhe,Mangaon,18.4,73.7,Rice,4.08,11.65,27.6,83.8,1.66,780,16,22.31,4.02,4.08,9,271,7.57
2024-09-28,Maharashtra,Pune,Velhe,Mangaon,18.4,73.7,Rice,1.4,5.29,25.89,76.96,2.41,780,16,11.65,11.06,6.77,9,272,3.89
2024-09-29,Maharashtra,Pune,Velhe,Mangaon,18.4,73.7,Rice,3.54,6.01,27.03,80.61,2.88,780,16,5.29,22.31,11.86,9,273,2.47
2024-09-30,Maharashtra,Pune,Velhe,Mangaon,18.4,73.7,Rice,10.52,13.16,27.43,91.06,2.05,780,16,6.01,11.65,19.13,9,274,2.64
2024-06-01,Maharashtra,Pune,Mulshi,Paud,18.53,73.51,Rice,7.29,13.08,25.93,81.29,2.41,720,14,,,,6,153,5.79
2024-06-02,Maharashtra,Pune,Mulshi,Paud,18.53,73.51,Rice,3.83,5.73,23.69,80.96,1.79,720,14,13.08,,,6,154,1.9
2024-06-03,Maharashtra,Pune,Mulshi,Paud,18.53,73.51,Rice,4.22,5.22,24.94,81.66,2.86,720,14,5.73,,,6,155,1.0
2024-06-04,Maharashtra,Pune,Mulshi,Paud,18.53,73.51,Rice,19.74,23.91,24.07,94.54,3.67,720,14,5.22,13.08,,6,156,4.17
2024-06-05,Maharashtra,Pune,Mulshi,Paud,18.53,73.51,Rice,1.41,4.53,24.81,74.08,2.16,720,14,23.91,5.73,,6,157,3.12
2024-06-06,Maharashtra,Pune,Mulshi,Paud,18.53,73.51,Rice,11.37,11.79,25.58,91.62,1.9,720,14,4.53,5.22,,6,158,0.42
2024-06-07,Maharashtra,Pune,Mulshi,Paud,18.53,73.51,Rice,0.5,3.59,25.78,72.45,2.33,720,14,11.79,23.91,,6,159,3.09
2024-06-08,Maharashtra,Pune,Mulshi,Paud,18.53,73.51,Rice,7.89,13.16,24.19,86.8,2.6,720,14,3.59,4.53,13.08,6,160,5.27
2024-06-09,Maharashtra,Pune,Mulshi,Paud,18.53,73.51,Rice,10.99,9.43,24.51,89.74,2.24,720,14,13.16,11.79,5.73,6,161,-1.56
2024-06-10,Maharashtra,Pune,Mulshi,Paud,18.53,73.51,Rice,7.01,11.43,24.96,77.03,2.04,720,14,9.43,3.59,5.22,6,162,4.42
2024-06-11,Maharashtra,Pune,Mulshi,Paud,18.53,73.51,Rice,6.8,11.26,25.8,84.67,0.2,720,14,11.43,13.16,23.91,6,163,4.46
2024-06-12,Maharashtra,Pune,Mulshi,Paud,18.53,73.51,Rice,0.96,3.07,23.82,82.1,2.41,720,14,11.26,9.43,4.53,6,164,2.11
2024-06-13,Maharashtra,Pune,Mulshi,Paud,18.53,73.51,Rice,12.12,16.23,25.51,93.33,4.22,720,14,3.07,11.43,11.79,6,165,4.11
2024-06-14,Maharashtra,Pune,Mulshi,Paud,18.53,73.51,Rice,11.22,15.31,26.1,94.27,2.06,720,14,16.23,11.26,3.59,6,166,4.09
2024-06-15,Maharashtra,Pune,Mulshi,Paud,18.53,73.51,Rice,13.15,21.49,24.83,89.75,2.16,720,14,15.31,3.07,13.16,6,167,8.34
2024-06-16,Maharashtra,Pune,Mulshi,Paud,18.53,73.51,Rice,3.07,0.74,25.1,81.16,2.01,720,14,21.49,16.23,9.43,6,168,-2.33
2024-06-17,Maharashtra,Pune,Mulshi,Paud,18.53,73.51,Rice,22.48,28.26,25.63,99.0,2.62,720,14,0.74,15.31,11.43,6,169,5.78
2024-06-18,Maharashtra,Pune,Mulshi,Paud,18.53,73.51,Rice,16.0,20.19,25.76,94.05,2.72,720,14,28.26,21.49,11.26,6,170,4.19
2024-06-19,Maharashtra,Pune,Mulshi,Paud,18.53,73.51,Rice,27.71,31.75,26.43,99.0,2.41,720,14,20.19,0.74,3.07,6,171,4.04
2024-06-20,Maharashtra,Pune,Mulshi,Paud,18.53,73.51,Rice,0.07,0.0,26.63,76.76,3.2,720,14,31.75,28.26,16.23,6,172,-0.07
2024-06-21,Maharashtra,Pune,Mulshi,Paud,18.53,73.51,Rice,2.01,5.73,25.62,76.44,2.47,720,14,0.0,20.19,15.31,6,173,3.72
2024-06-22,Maharashtra,Pune,Mulshi,Paud,18.53,73.51,Rice,38.86,44.16,26.29,99.0,2.25,720,14,5.73,31.75,21.49,6,174,5.3
2024-06-23,Maharashtra,Pune,Mulshi,Paud,18.53,73.51,Rice,0.22,5.05,25.07,75.56,1.85,720,14,44.16,0.0,0.74,6,175,4.83
2024-06-24,Maharashtra,Pune,Mulshi,Paud,18.53,73.51,Rice,19.38,23.88,26.23,99.0,2.56,720,14,5.05,5.73,28.26,6,176,4.5
2024-06-25,Maharashtra,Pune,Mulshi,Paud,18.53,73.51,Rice,1.42,4.92,26.07,82.54,3.66,720,14,23.88,44.16,20.19,6,177,3.5
2024-06-26,Maharashtra,Pune,Mulshi,Paud,18.53,73.51,Rice,4.26,12.52,26.93,85.59,2.09,720,14,4.92,5.05,31.75,6,178,8.26
2024-06-27,Maharashtra,Pune,Mulshi,Paud,18.53,73.51,Rice,2.27,3.27,25.77,78.27,3.67,720,14,12.52,23.88,0.0,6,179,1.0
2024-06-28,Maharashtra,Pune,Mulshi,Paud,18.53,73.51,Rice,4.38,8.59,25.5,81.43,2.33,720,14,3.27,4.92,5.73,6,180,4.21
2024-06-29,Maharashtra,Pune,Mulshi,Paud,18.53,73.51,Rice,4.85,4.99,25.67,84.56,1.91,720,14,8.59,12.52,44.16,6,181,0.14
2024-06-30,Maharashtra,Pune,Mulshi,Paud,18.53,73.51,Rice,0.72,6.17,26.05,69.02,2.96,720,14,4.99,3.27,5.05,6,182,5.45
2024-07-01,Maharashtra,Pune,Mulshi,Paud,18.53,73.51,Rice,0.66,2.09,25.31,75.03,2.25,720,14,6.17,8.59,23.88,7,183,1.43
2024-07-02,Maharashtra,Pune,Mulshi,Paud,18.53,73.51,Rice,3.33,5.64,26.86,81.12,1.84,720,14,2.09,4.99,4.92,7,184,2.31
2024-07-03,Maharashtra,Pune,Mulshi,Paud,18.53,73.51,Rice,2.54,6.32,25.97,69.56,1.97,720,14,5.64,6.17,12.52,7,185,3.78
2024-07-04,Maharashtra,Pune,Mulshi,Paud,18.53,73.51,Rice,2.46,2.25,25.26,83.39,3.49,720,14,6.32,2.09,3.27,7,186,-0.21
2024-07-05,Maharashtra,Pune,Mulshi,Paud,18.53,73.51,Rice,3.06,7.5,24.68,72.23,2.18,720,14,2.25,5.64,8.59,7,187,4.44
2024-07-06,Maharashtra,Pune,Mulshi,Paud,18.53,73.51,Rice,23.93,27.33,27.15,99.0,1.94,720,14,7.5,6.32,4.99,7,188,3.4
2024-07-07,Maharashtra,Pune,Mulshi,Paud,18.53,73.51,Rice,7.07,7.22,27.12,80.41,2.48,720,14,27.33,2.25,6.17,7,189,0.15
2024-07-08,Maharashtra,Pune,Mulshi,Paud,18.53,73.51,Rice,5.7,6.93,26.64,86.82,2.3,720,14,7.22,7.5,2.09,7,190,1.23
2024-07-09,Maharashtra,Pune,Mulshi,Paud,18.53,73.51,Rice,7.89,9.15,27.01,88.74,4.48,720,14,6.93,27.33,5.64,7,191,1.26
2024-07-10,Maharashtra,Pune,Mulshi,Paud,18.53,73.51,Rice,5.07,9.81,27.11,79.94,2.08,720,14,9.15,7.22,6.32,7,192,4.74
2024-07-11,Maharashtra,Pune,Mulshi,Paud,18.53,73.51,Rice,12.27,14.65,26.64,94.71,1.92,720,14,9.81,6.93,2.25,7,193,2.38
2024-07-12,Maharashtra,Pune,Mulshi,Paud,18.53,73.51,Rice,0.51,1.19,25.7,75.99,1.45,720,14,14.65,9.15,7.5,7,194,0.68
2024-07-13,Maharashtra,Pune,Mulshi,Paud,18.53,73.51,Rice,3.59,5.91,27.59,82.95,2.41,720,14,1.19,9.81,27.33,7,195,2.32
2024-07-14,Maharashtra,Pune,Mulshi,Paud,18.53,73.51,Rice,4.85,8.7,27.11,78.19,2.43,720,14,5.91,14.65,7.22,7,196,3.85
2024-07-15,Maharashtra,Pune,Mulshi,Paud,18.53,73.51,Rice,0.32,5.05,26.55,83.66,1.7,720,14,8.7,1.19,6.93,7,197,4.73
2024-07-16,Maharashtra,Pune,Mulshi,Paud,18.53,73.51,Rice,9.87,12.87,26.7,88.28,3.08,720,14,5.05,5.91,9.15,7,198,3.0
2024-07-17,Maharashtra,Pune,Mulshi,Paud,18.53,73.51,Rice,24.58,28.24,26.82,99.0,1.84,720,14,12.87,8.7,9.81,7,199,3.66
2024-07-18,Maharashtra,Pune,Mulshi,Paud,18.53,73.51,Rice,16.01,21.39,28.41,94.72,0.65,720,14,28.24,5.05,14.65,7,200,5.38
2024-07-19,Maharashtra,Pune,Mulshi,Paud,18.53,73.51,Rice,4.66,8.96,27.07,85.62,2.79,720,14,21.39,12.87,1.19,7,201,4.3
2024-07-20,Maharashtra,Pune,Mulshi,Paud,18.53,73.51,Rice,22.83,29.07,27.19,99.0,2.15,720,14,8.96,28.24,5.91,7,202,6.24
2024-07-21,Maharashtra,Pune,Mulshi,Paud,18.53,73.51,Rice,4.47,8.1,27.54,81.86,1.93,720,14,29.07,21.39,8.7,7,203,3.63
2024-07-22,Maharashtra,Pune,Mulshi,Paud,18.53,73.51,Rice,8.73,13.04,25.81,85.62,3.83,720,14,8.1,8.96,5.05,7,204,4.31
2024-07-23,Maharashtra,Pune,Mulshi,Paud,18.53,73.51,Rice,7.05,14.04,27.52,84.18,2.1,720,14,13.04,29.07,12.87,7,205,6.99
2024-07-24,Maharashtra,Pune,Mulshi,Paud,18.53,73.51,Rice,21.7,27.2,27.46,99.0,2.52,720,14,14.04,8.1,28.24,7,206,5.5
2024-07-25,Maharashtra,Pune,Mulshi,Paud,18.53,73.51,Rice,7.5,8.96,26.51,78.51,2.89,720,14,27.2,13.04,21.39,7,207,1.46
2024-07-26,Maharashtra,Pune,Mulshi,Paud,18.53,73.51,Rice,15.74,19.76,26.92,98.04,2.36,720,14,8.96,14.04,8.96,7,208,4.02
2024-07-27,Maharashtra,Pune,Mulshi,Paud,18.53,73.51,Rice,5.46,12.7,25.96,84.55,1.06,720,14,19.76,27.2,29.07,7,209,7.24
2024-07-28,Maharashtra,Pune,Mulshi,Paud,18.53,73.51,Rice,8.29,7.32,27.48,84.43,0.72,720,14,12.7,8.96,8.1,7,210,-0.97
2024-07-29,Maharashtra,Pune,Mulshi,Paud,18.53,73.51,Rice,19.13,25.31,27.49,99.0,3.46,720,14,7.32,19.76,13.04,7,211,6.18
2024-07-30,Maharashtra,Pune,Mulshi,Paud,18.53,73.51,Rice,34.59,35.91,27.41,99.0,0.95,720,14,25.31,12.7,14.04,7,212,1.32
2024-07-31,Maharashtra,Pune,Mulshi,Paud,18.53,73.51,Rice,14.52,19.0,28.33,94.16,2.34,720,14,35.91,7.32,27.2,7,213,4.48
2024-08-01,Maharashtra,Pune,Mulshi,Paud,18.53,73.51,Rice,13.61,14.88,28.21,97.82,1.61,720,14,19.0,25.31,8.96,8,214,1.27
2024-08-02,Maharashtra,Pune,Mulshi,Paud,18.53,73.51,Rice,21.94,25.82,27.67,99.0,2.47,720,14,14.88,35.91,19.76,8,215,3.88
2024-08-03,Maharashtra,Pune,Mulshi,Paud,18.53,73.51,Rice,29.61,34.06,26.79,99.0,2.78,720,14,25.82,19.0,12.7,8,216,4.45
2024-08-04,Maharashtra,Pune,Mulshi,Paud,18.53,73.51,Rice,17.71,19.26,28.27,98.4,0.87,720,14,34.06,14.88,7.32,8,217,1.55
2024-08-05,Maharashtra,Pune,Mulshi,Paud,18.53,73.51,Rice,22.41,28.43,27.36,99.0,3.34,720,14,19.26,25.82,25.31,8,218,6.02
2024-08-06,Maharashtra,Pune,Mulshi,Paud,18.53,73.51,Rice,3.34,6.15,28.03,74.68,1.07,720,14,28.43,34.06,35.91,8,219,2.81
2024-08-07,Maharashtra,Pune,Mulshi,Paud,18.53,73.51,Rice,18.7,21.12,26.17,95.73,2.39,720,14,6.15,19.26,19.0,8,220,2.42
2024-08-08,Maharashtra,Pune,Mulshi,Paud,18.53,73.51,Rice,20.06,26.57,27.01,97.34,3.63,720,14,21.12,28.43,14.88,8,221,6.51
2024-08-09,Maharashtra,Pune,Mulshi,Paud,18.53,73.51,Rice,11.0,13.89,28.46,95.07,1.75,720,14,26.57,6.15,25.82,8,222,2.89
2024-08-10,Maharashtra,Pune,Mulshi,Paud,18.53,73.51,Rice,8.57,9.8,27.49,86.3,3.31,720,14,13.89,21.12,34.06,8,223,1.23
2024-08-11,Maharashtra,Pune,Mulshi,Paud,18.53,73.51,Rice,23.71,26.48,28.02,99.0,2.87,720,14,9.8,26.57,19.26,8,224,2.77
2024-08-12,Maharashtra,Pune,Mulshi,Paud,18.53,73.51,Rice,8.01,9.3,28.58,84.99,3.71,720,14,26.48,13.89,28.43,8,225,1.29
2024-08-13,Maharashtra,Pune,Mulshi,Paud,18.53,73.51,Rice,5.02,13.0,26.84,74.43,3.43,720,14,9.3,9.8,6.15,8,226,7.98
2024-08-14,Maharashtra,Pune,Mulshi,Paud,18.53,73.51,Rice,3.37,5.39,27.79,76.24,2.26,720,14,13.0,26.48,21.12,8,227,2.02
2024-08-15,Maharashtra,Pune,Mulshi,Paud,18.53,73.51,Rice,12.68,14.48,27.37,85.5,2.06,720,14,5.39,9.3,26.57,8,228,1.8
2024-08-16,Maharashtra,Pune,Mulshi,Paud,18.53,73.51,Rice,9.35,12.0,27.61,84.59,2.95,720,14,14.48,13.0,13.89,8,229,2.65
2024-08-17,Maharashtra,Pune,Mulshi,Paud,18.53,73.51,Rice,25.86,30.03,27.47,99.0,3.65,720,14,12.0,5.39,9.8,8,230,4.17
2024-08-18,Maharashtra,Pune,Mulshi,Paud,18.53,73.51,Rice,12.86,16.97,28.51,90.55,3.2,720,14,30.03,14.48,26.48,8,231,4.11
2024-08-19,Maharashtra,Pune,Mulshi,Paud,18.53,73.51,Rice,3.78,7.27,26.43,79.58,3.43,720,14,16.97,12.0,9.3,8,232,3.49
2024-08-20,Maharashtra,Pune,Mulshi,Paud,18.53,73.51,Rice,2.36,4.83,28.65,82.65,2.8,720,14,7.27,30.03,13.0,8,233,2.47
2024-08-21,Maharashtra,Pune,Mulshi,Paud,18.53,73.51,Rice,9.02,10.5,28.28,82.38,3.07,720,14,4.83,16.97,5.39,8,234,1.48
2024-08-22,Maharashtra,Pune,Mulshi,Paud,18.53,73.51,Rice,20.53,23.38,27.96,89.19,2.64,720,14,10.5,7.27,14.48,8,235,2.85
2024-08-23,Maharashtra,Pune,Mulshi,Paud,18.53,73.51,Rice,6.86,11.47,27.64,79.67,2.29,720,14,23.38,4.83,12.0,8,236,4.61
2024-08-24,Maharashtra,Pune,Mulshi,Paud,18.53,73.51,Rice,8.08,11.6,28.42,81.35,2.54,720,14,11.47,10.5,30.03,8,237,3.52
2024-08-25,Maharashtra,Pune,Mulshi,Paud,18.53,73.51,Rice,21.23,24.79,27.29,99.0,1.68,720,14,11.6,23.38,16.97,8,238,3.56
2024-08-26,Maharashtra,Pune,Mulshi,Paud,18.53,73.51,Rice,6.23,6.9,26.88,78.27,3.78,720,14,24.79,11.47,7.27,8,239,0.67
2024-08-27,Maharashtra,Pune,Mulshi,Paud,18.53,73.51,Rice,4.48,6.88,27.04,80.44,4.37,720,14,6.9,11.6,4.83,8,240,2.4
2024-08-28,Maharashtra,Pune,Mulshi,Paud,18.53,73.51,Rice,21.87,26.36,27.12,95.13,3.22,720,14,6.88,24.79,10.5,8,241,4.49
2024-08-29,Maharashtra,Pune,Mulshi,Paud,18.53,73.51,Rice,18.4,20.66,27.58,99.0,2.71,720,14,26.36,6.9,23.38,8,242,2.26
2024-08-30,Maharashtra,Pune,Mulshi,Paud,18.53,73.51,Rice,4.65,8.08,28.45,76.79,2.91,720,14,20.66,6.88,11.47,8,243,3.43
2024-08-31,Maharashtra,Pune,Mulshi,Paud,18.53,73.51,Rice,9.35,14.29,27.21,80.75,1.97,720,14,8.08,26.36,11.6,8,244,4.94
2024-09-01,Maharashtra,Pune,Mulshi,Paud,18.53,73.51,Rice,14.48,16.3,26.41,99.0,3.06,720,14,14.29,20.66,24.79,9,245,1.82
2024-09-02,Maharashtra,Pune,Mulshi,Paud,18.53,73.51,Rice,13.03,17.39,27.51,90.99,2.06,720,14,16.3,8.08,6.9,9,246,4.36
2024-09-03,Maharashtra,Pune,Mulshi,Paud,18.53,73.51,Rice,41.82,44.09,28.0,99.0,3.6,720,14,17.39,14.29,6.88,9,247,2.27
2024-09-04,Maharashtra,Pune,Mulshi,Paud,18.53,73.51,Rice,3.17,8.5,27.94,80.18,2.41,720,14,44.09,16.3,26.36,9,248,5.33
2024-09-05,Maharashtra,Pune,Mulshi,Paud,18.53,73.51,Rice,6.06,8.36,28.7,82.84,1.77,720,14,8.5,17.39,20.66,9,249,2.3
2024-09-06,Maharashtra,Pune,Mulshi,Paud,18.53,73.51,Rice,3.65,8.2,28.05,79.35,2.86,720,14,8.36,44.09,8.08,9,250,4.55
2024-09-07,Maharashtra,Pune,Mulshi,Paud,18.53,73.51,Rice,3.09,8.23,28.25,75.78,1.72,720,14,8.2,8.5,14.29,9,251,5.14
2024-09-08,Maharashtra,Pune,Mulshi,Paud,18.53,73.51,Rice,6.78,6.15,27.83,78.63,1.89,720,14,8.23,8.36,16.3,9,252,-0.63
2024-09-09,Maharashtra,Pune,Mulshi,Paud,18.53,73.51,Rice,4.13,6.27,27.62,78.82,1.23,720,14,6.15,8.2,17.39,9,253,2.14
2024-09-10,Maharashtra,Pune,Mulshi,Paud,18.53,73.51,Rice,11.61,16.5,26.53,91.13,2.94,720,14,6.27,8.23,44.09,9,254,4.89
2024-09-11,Maharashtra,Pune,Mulshi,Paud,18.53,73.51,Rice,1.73,4.7,28.88,85.77,1.07,720,14,16.5,6.15,8.5,9,255,2.97
2024-09-12,Maharashtra,Pune,Mulshi,Paud,18.53,73.51,Rice,33.67,38.83,28.25,99.0,2.79,720,14,4.7,6.27,8.36,9,256,5.16
2024-09-13,Maharashtra,Pune,Mulshi,Paud,18.53,73.51,Rice,5.06,8.73,28.39,82.38,2.27,720,14,38.83,16.5,8.2,9,257,3.67
2024-09-14,Maharashtra,Pune,Mulshi,Paud,18.53,73.51,Rice,13.73,18.39,27.07,88.29,1.95,720,14,8.73,4.7,8.23,9,258,4.66
2024-09-15,Maharashtra,Pune,Mulshi,Paud,18.53,73.51,Rice,2.78,7.93,27.41,85.06,3.49,720,14,18.39,38.83,6.15,9,259,5.15
2024-09-16,Maharashtra,Pune,Mulshi,Paud,18.53,73.51,Rice,6.7,13.05,27.46,84.54,2.13,720,14,7.93,8.73,6.27,9,260,6.35
2024-09-17,Maharashtra,Pune,Mulshi,Paud,18.53,73.51,Rice,1.9,6.36,26.93,90.52,1.53,720,14,13.05,18.39,16.5,9,261,4.46
2024-09-18,Maharashtra,Pune,Mulshi,Paud,18.53,73.51,Rice,1.08,7.34,27.5,79.58,0.93,720,14,6.36,7.93,4.7,9,262,6.26
2024-09-19,Maharashtra,Pune,Mulshi,Paud,18.53,73.51,Rice,2.41,1.82,27.52,69.92,1.34,720,14,7.34,13.05,38.83,9,263,-0.59
2024-09-20,Maharashtra,Pune,Mulshi,Paud,18.53,73.51,Rice,2.8,6.79,27.63,82.93,3.0,720,14,1.82,6.36,8.73,9,264,3.99
2024-09-21,Maharashtra,Pune,Mulshi,Paud,18.53,73.51,Rice,12.43,16.24,27.74,91.48,2.08,720,14,6.79,7.34,18.39,9,265,3.81
2024-09-22,Maharashtra,Pune,Mulshi,Paud,18.53,73.51,Rice,3.38,7.43,27.3,77.41,1.87,720,14,16.24,1.82,7.93,9,266,4.05
2024-09-23,Maharashtra,Pune,Mulshi,Paud,18.53,73.51,Rice,1.05,4.41,26.73,80.5,1.95,720,14,7.43,6.79,13.05,9,267,3.36
2024-09-24,Maharashtra,Pune,Mulshi,Paud,18.53,73.51,Rice,0.74,2.87,27.02,77.06,3.31,720,14,4.41,16.24,6.36,9,268,2.13
2024-09-25,Maharashtra,Pune,Mulshi,Paud,18.53,73.51,Rice,4.55,8.84,26.94,89.01,2.4,720,14,2.87,7.43,7.34,9,269,4.29
2024-09-26,Maharashtra,Pune,Mulshi,Paud,18.53,73.51,Rice,0.09,7.18,28.35,83.44,1.58,720,14,8.84,4.41,1.82,9,270,7.09
2024-09-27,Maharashtra,Pune,Mulshi,Paud,18.53,73.51,Rice,9.26,12.91,26.33,84.54,1.86,720,14,7.18,2.87,6.79,9,271,3.65
2024-09-28,Maharashtra,Pune,Mulshi,Paud,18.53,73.51,Rice,8.96,12.71,26.24,85.51,1.8,720,14,12.91,8.84,16.24,9,272,3.75
2024-09-29,Maharashtra,Pune,Mulshi,Paud,18.53,73.51,Rice,8.56,13.88,26.63,75.32,0.99,720,14,12.71,7.18,7.43,9,273,5.32
2024-09-30,Maharashtra,Pune,Mulshi,Paud,18.53,73.51,Rice,12.36,14.05,28.27,95.89,2.42,720,14,13.88,12.91,4.41,9,274,1.69
2024-06-01,Maharashtra,Pune,Mulshi,Tamhini BK.,18.44,73.42,Rice,2.74,7.64,25.81,80.97,2.98,900,22,,,,6,153,4.9
2024-06-02,Maharashtra,Pune,Mulshi,Tamhini BK.,18.44,73.42,Rice,9.89,15.85,24.53,77.81,0.7,900,22,7.64,,,6,154,5.96
2024-06-03,Maharashtra,Pune,Mulshi,Tamhini BK.,18.44,73.42,Rice,1.18,5.85,24.91,85.21,1.38,900,22,15.85,,,6,155,4.67
2024-06-04,Maharashtra,Pune,Mulshi,Tamhini BK.,18.44,73.42,Rice,3.87,6.85,24.85,74.25,3.53,900,22,5.85,7.64,,6,156,2.98
2024-06-05,Maharashtra,Pune,Mulshi,Tamhini BK.,18.44,73.42,Rice,1.93,6.32,25.59,78.11,2.38,900,22,6.85,15.85,,6,157,4.39
2024-06-06,Maharashtra,Pune,Mulshi,Tamhini BK.,18.44,73.42,Rice,2.23,7.32,24.37,78.18,1.91,900,22,6.32,5.85,,6,158,5.09
2024-06-07,Maharashtra,Pune,Mulshi,Tamhini BK.,18.44,73.42,Rice,14.38,19.35,24.04,91.46,2.57,900,22,7.32,6.85,,6,159,4.97
2024-06-08,Maharashtra,Pune,Mulshi,Tamhini BK.,18.44,73.42,Rice,15.1,22.31,25.46,99.0,2.35,900,22,19.35,6.32,7.64,6,160,7.21
2024-06-09,Maharashtra,Pune,Mulshi,Tamhini BK.,18.44,73.42,Rice,24.82,27.74,24.22,99.0,3.06,900,22,22.31,7.32,15.85,6,161,2.92
2024-06-10,Maharashtra,Pune,Mulshi,Tamhini BK.,18.44,73.42,Rice,3.24,9.07,26.49,73.7,2.19,900,22,27.74,19.35,5.85,6,162,5.83
2024-06-11,Maharashtra,Pune,Mulshi,Tamhini BK.,18.44,73.42,Rice,2.87,9.44,24.97,82.4,4.29,900,22,9.07,22.31,6.85,6,163,6.57
2024-06-12,Maharashtra,Pune,Mulshi,Tamhini BK.,18.44,73.42,Rice,3.31,8.0,25.9,77.7,1.9,900,22,9.44,27.74,6.32,6,164,4.69
2024-06-13,Maharashtra,Pune,Mulshi,Tamhini BK.,18.44,73.42,Rice,11.71,12.07,24.4,96.06,2.72,900,22,8.0,9.07,7.32,6,165,0.36
2024-06-14,Maharashtra,Pune,Mulshi,Tamhini BK.,18.44,73.42,Rice,2.12,6.6,25.82,73.11,1.73,900,22,12.07,9.44,19.35,6,166,4.48
2024-06-15,Maharashtra,Pune,Mulshi,Tamhini BK.,18.44,73.42,Rice,6.5,12.1,24.49,85.23,3.27,900,22,6.6,8.0,22.31,6,167,5.6
2024-06-16,Maharashtra,Pune,Mulshi,Tamhini BK.,18.44,73.42,Rice,7.97,12.23,24.82,85.28,3.41,900,22,12.1,12.07,27.74,6,168,4.26
2024-06-17,Maharashtra,Pune,Mulshi,Tamhini BK.,18.44,73.42,Rice,4.66,8.13,25.59,80.1,2.79,900,22,12.23,6.6,9.07,6,169,3.47
2024-06-18,Maharashtra,Pune,Mulshi,Tamhini BK.,18.44,73.42,Rice,8.52,15.82,26.2,82.49,1.68,900,22,8.13,12.1,9.44,6,170,7.3
2024-06-19,Maharashtra,Pune,Mulshi,Tamhini BK.,18.44,73.42,Rice,5.05,7.22,25.24,80.16,1.86,900,22,15.82,12.23,8.0,6,171,2.17
2024-06-20,Maharashtra,Pune,Mulshi,Tamhini BK.,18.44,73.42,Rice,4.01,8.86,27.33,81.49,2.17,900,22,7.22,8.13,12.07,6,172,4.85
2024-06-21,Maharashtra,Pune,Mulshi,Tamhini BK.,18.44,73.42,Rice,5.65,10.97,27.1,79.4,3.09,900,22,8.86,15.82,6.6,6,173,5.32
2024-06-22,Maharashtra,Pune,Mulshi,Tamhini BK.,18.44,73.42,Rice,6.96,12.95,26.58,80.92,2.39,900,22,10.97,7.22,12.1,6,174,5.99
2024-06-23,Maharashtra,Pune,Mulshi,Tamhini BK.,18.44,73.42,Rice,0.51,7.05,25.42,72.17,2.58,900,22,12.95,8.86,12.23,6,175,6.54
2024-06-24,Maharashtra,Pune,Mulshi,Tamhini BK.,18.44,73.42,Rice,3.4,9.33,24.98,76.46,2.52,900,22,7.05,10.97,8.13,6,176,5.93
2024-06-25,Maharashtra,Pune,Mulshi,Tamhini BK.,18.44,73.42,Rice,13.62,16.74,26.5,89.21,3.86,900,22,9.33,12.95,15.82,6,177,3.12
2024-06-26,Maharashtra,Pune,Mulshi,Tamhini BK.,18.44,73.42,Rice,2.99,8.63,25.18,77.5,3.02,900,22,16.74,7.05,7.22,6,178,5.64
2024-06-27,Maharashtra,Pune,Mulshi,Tamhini BK.,18.44,73.42,Rice,14.94,19.48,26.47,94.45,1.37,900,22,8.63,9.33,8.86,6,179,4.54
2024-06-28,Maharashtra,Pune,Mulshi,Tamhini BK.,18.44,73.42,Rice,2.53,9.41,27.12,82.16,2.63,900,22,19.48,16.74,10.97,6,180,6.88
2024-06-29,Maharashtra,Pune,Mulshi,Tamhini BK.,18.44,73.42,Rice,12.26,16.41,25.46,85.72,2.67,900,22,9.41,8.63,12.95,6,181,4.15
2024-06-30,Maharashtra,Pune,Mulshi,Tamhini BK.,18.44,73.42,Rice,7.74,13.29,26.25,87.52,2.37,900,22,16.41,19.48,7.05,6,182,5.55
2024-07-01,Maharashtra,Pune,Mulshi,Tamhini BK.,18.44,73.42,Rice,9.61,14.8,26.59,84.85,2.44,900,22,13.29,9.41,9.33,7,183,5.19
2024-07-02,Maharashtra,Pune,Mulshi,Tamhini BK.,18.44,73.42,Rice,3.41,5.61,27.06,84.36,2.83,900,22,14.8,16.41,16.74,7,184,2.2
2024-07-03,Maharashtra,Pune,Mulshi,Tamhini BK.,18.44,73.42,Rice,29.78,40.29,26.06,99.0,2.08,900,22,5.61,13.29,8.63,7,185,10.51
2024-07-04,Maharashtra,Pune,Mulshi,Tamhini BK.,18.44,73.42,Rice,9.69,13.91,27.51,88.58,2.62,900,22,40.29,14.8,19.48,7,186,4.22
2024-07-05,Maharashtra,Pune,Mulshi,Tamhini BK.,18.44,73.42,Rice,2.47,6.65,25.89,75.85,4.54,900,22,13.91,5.61,9.41,7,187,4.18
2024-07-06,Maharashtra,Pune,Mulshi,Tamhini BK.,18.44,73.42,Rice,5.43,8.48,26.32,84.7,2.84,900,22,6.65,40.29,16.41,7,188,3.05
2024-07-07,Maharashtra,Pune,Mulshi,Tamhini BK.,18.44,73.42,Rice,12.99,18.12,25.79,89.11,1.67,900,22,8.48,13.91,13.29,7,189,5.13
2024-07-08,Maharashtra,Pune,Mulshi,Tamhini BK.,18.44,73.42,Rice,1.71,7.53,27.13,78.2,3.02,900,22,18.12,6.65,14.8,7,190,5.82
2024-07-09,Maharashtra,Pune,Mulshi,Tamhini BK.,18.44,73.42,Rice,0.59,5.4,26.93,78.23,1.61,900,22,7.53,8.48,5.61,7,191,4.81
2024-07-10,Maharashtra,Pune,Mulshi,Tamhini BK.,18.44,73.42,Rice,1.03,6.61,27.02,71.76,1.62,900,22,5.4,18.12,40.29,7,192,5.58
2024-07-11,Maharashtra,Pune,Mulshi,Tamhini BK.,18.44,73.42,Rice,3.41,5.14,25.58,76.81,2.47,900,22,6.61,7.53,13.91,7,193,1.73
2024-07-12,Maharashtra,Pune,Mulshi,Tamhini BK.,18.44,73.42,Rice,1.82,8.39,25.71,77.36,3.22,900,22,5.14,5.4,6.65,7,194,6.57
2024-07-13,Maharashtra,Pune,Mulshi,Tamhini BK.,18.44,73.42,Rice,5.03,11.8,26.45,86.45,2.74,900,22,8.39,6.61,8.48,7,195,6.77
2024-07-14,Maharashtra,Pune,Mulshi,Tamhini BK.,18.44,73.42,Rice,5.53,10.62,27.42,80.44,2.43,900,22,11.8,5.14,18.12,7,196,5.09
2024-07-15,Maharashtra,Pune,Mulshi,Tamhini BK.,18.44,73.42,Rice,7.49,9.89,27.45,86.86,1.35,900,22,10.62,8.39,7.53,7,197,2.4
2024-07-16,Maharashtra,Pune,Mulshi,Tamhini BK.,18.44,73.42,Rice,21.64,28.09,27.78,99.0,1.07,900,22,9.89,11.8,5.4,7,198,6.45
2024-07-17,Maharashtra,Pune,Mulshi,Tamhini BK.,18.44,73.42,Rice,0.54,3.81,26.18,76.4,2.89,900,22,28.09,10.62,6.61,7,199,3.27
2024-07-18,Maharashtra,Pune,Mulshi,Tamhini BK.,18.44,73.42,Rice,1.24,8.71,26.11,80.96,2.01,900,22,3.81,9.89,5.14,7,200,7.47
2024-07-19,Maharashtra,Pune,Mulshi,Tamhini BK.,18.44,73.42,Rice,13.58,19.51,27.53,87.69,3.29,900,22,8.71,28.09,8.39,7,201,5.93
2024-07-20,Maharashtra,Pune,Mulshi,Tamhini BK.,18.44,73.42,Rice,3.22,8.18,27.28,81.21,1.72,900,22,19.51,3.81,11.8,7,202,4.96
2024-07-21,Maharashtra,Pune,Mulshi,Tamhini BK.,18.44,73.42,Rice,1.54,6.36,27.78,77.66,1.28,900,22,8.18,8.71,10.62,7,203,4.82
2024-07-22,Maharashtra,Pune,Mulshi,Tamhini BK.,18.44,73.42,Rice,19.5,24.64,26.56,99.0,1.7,900,22,6.36,19.51,9.89,7,204,5.14
2024-07-23,Maharashtra,Pune,Mulshi,Tamhini BK.,18.44,73.42,Rice,6.18,8.45,27.28,89.87,2.01,900,22,24.64,8.18,28.09,7,205,2.27
2024-07-24,Maharashtra,Pune,Mulshi,Tamhini BK.,18.44,73.42,Rice,12.66,17.03,26.86,87.92,3.27,900,22,8.45,6.36,3.81,7,206,4.37
2024-07-25,Maharashtra,Pune,Mulshi,Tamhini BK.,18.44,73.42,Rice,6.4,10.09,25.77,79.15,3.17,900,22,17.03,24.64,8.71,7,207,3.69
2024-07-26,Maharashtra,Pune,Mulshi,Tamhini BK.,18.44,73.42,Rice,0.29,3.94,28.37,79.43,1.95,900,22,10.09,8.45,19.51,7,208,3.65
2024-07-27,Maharashtra,Pune,Mulshi,Tamhini BK.,18.44,73.42,Rice,26.18,32.65,26.23,99.0,2.08,900,22,3.94,17.03,8.18,7,209,6.47
2024-07-28,Maharashtra,Pune,Mulshi,Tamhini BK.,18.44,73.42,Rice,2.75,7.75,26.86,81.51,1.93,900,22,32.65,10.09,6.36,7,210,5.0
2024-07-29,Maharashtra,Pune,Mulshi,Tamhini BK.,18.44,73.42,Rice,16.11,20.44,26.93,95.94,2.84,900,22,7.75,3.94,24.64,7,211,4.33
2024-07-30,Maharashtra,Pune,Mulshi,Tamhini BK.,18.44,73.42,Rice,21.41,26.89,27.61,99.0,1.59,900,22,20.44,32.65,8.45,7,212,5.48
2024-07-31,Maharashtra,Pune,Mulshi,Tamhini BK.,18.44,73.42,Rice,5.98,11.73,27.17,83.73,3.27,900,22,26.89,7.75,17.03,7,213,5.75
2024-08-01,Maharashtra,Pune,Mulshi,Tamhini BK.,18.44,73.42,Rice,20.09,23.2,28.12,99.0,1.11,900,22,11.73,20.44,10.09,8,214,3.11
2024-08-02,Maharashtra,Pune,Mulshi,Tamhini BK.,18.44,73.42,Rice,7.05,13.06,27.99,85.6,2.87,900,22,23.2,26.89,3.94,8,215,6.01
2024-08-03,Maharashtra,Pune,Mulshi,Tamhini BK.,18.44,73.42,Rice,10.22,14.15,27.39,88.12,0.89,900,22,13.06,11.73,32.65,8,216,3.93
2024-08-04,Maharashtra,Pune,Mulshi,Tamhini BK.,18.44,73.42,Rice,6.3,10.19,27.23,85.51,1.54,900,22,14.15,23.2,7.75,8,217,3.89
2024-08-05,Maharashtra,Pune,Mulshi,Tamhini BK.,18.44,73.42,Rice,1.01,6.98,28.61,80.34,1.23,900,22,10.19,13.06,20.44,8,218,5.97
2024-08-06,Maharashtra,Pune,Mulshi,Tamhini BK.,18.44,73.42,Rice,7.38,12.18,27.83,81.18,2.45,900,22,6.98,14.15,26.89,8,219,4.8
2024-08-07,Maharashtra,Pune,Mulshi,Tamhini BK.,18.44,73.42,Rice,13.51,16.34,27.23,81.39,1.9,900,22,12.18,10.19,11.73,8,220,2.83
2024-08-08,Maharashtra,Pune,Mulshi,Tamhini BK.,18.44,73.42,Rice,5.23,10.01,27.45,73.24,2.57,900,22,16.34,6.98,23.2,8,221,4.78
2024-08-09,Maharashtra,Pune,Mulshi,Tamhini BK.,18.44,73.42,Rice,3.1,4.99,27.53,78.59,2.64,900,22,10.01,12.18,13.06,8,222,1.89
2024-08-10,Maharashtra,Pune,Mulshi,Tamhini BK.,18.44,73.42,Rice,10.05,11.43,26.5,85.73,2.39,900,22,4.99,16.34,14.15,8,223,1.38
2024-08-11,Maharashtra,Pune,Mulshi,Tamhini BK.,18.44,73.42,Rice,4.59,8.48,26.87,80.39,2.58,900,22,11.43,10.01,10.19,8,224,3.89
2024-08-12,Maharashtra,Pune,Mulshi,Tamhini BK.,18.44,73.42,Rice,11.78,14.89,27.52,91.84,2.38,900,22,8.48,4.99,6.98,8,225,3.11
2024-08-13,Maharashtra,Pune,Mulshi,Tamhini BK.,18.44,73.42,Rice,5.09,8.52,26.83,75.2,1.76,900,22,14.89,11.43,12.18,8,226,3.43
2024-08-14,Maharashtra,Pune,Mulshi,Tamhini BK.,18.44,73.42,Rice,2.48,8.13,26.97,77.93,0.91,900,22,8.52,8.48,16.34,8,227,5.65
2024-08-15,Maharashtra,Pune,Mulshi,Tamhini BK.,18.44,73.42,Rice,5.01,11.11,27.11,86.22,1.19,900,22,8.13,14.89,10.01,8,228,6.1
2024-08-16,Maharashtra,Pune,Mulshi,Tamhini BK.,18.44,73.42,Rice,1.78,9.57,27.97,77.97,0.64,900,22,11.11,8.52,4.99,8,229,7.79
2024-08-17,Maharashtra,Pune,Mulshi,Tamhini BK.,18.44,73.42,Rice,0.35,4.08,26.86,76.68,2.49,900,22,9.57,8.13,11.43,8,230,3.73
2024-08-18,Maharashtra,Pune,Mulshi,Tamhini BK.,18.44,73.42,Rice,18.11,25.02,27.65,97.27,3.25,900,22,4.08,11.11,8.48,8,231,6.91
2024-08-19,Maharashtra,Pune,Mulshi,Tamhini BK.,18.44,73.42,Rice,2.58,7.78,27.93,81.2,3.9,900,22,25.02,9.57,14.89,8,232,5.2
2024-08-20,Maharashtra,Pune,Mulshi,Tamhini BK.,18.44,73.42,Rice,15.76,23.02,27.43,95.34,1.38,900,22,7.78,4.08,8.52,8,233,7.26
2024-08-21,Maharashtra,Pune,Mulshi,Tamhini BK.,18.44,73.42,Rice,12.59,17.24,27.48,98.8,3.99,900,22,23.02,25.02,8.13,8,234,4.65
2024-08-22,Maharashtra,Pune,Mulshi,Tamhini BK.,18.44,73.42,Rice,8.12,11.82,28.46,84.43,2.06,900,22,17.24,7.78,11.11,8,235,3.7
2024-08-23,Maharashtra,Pune,Mulshi,Tamhini BK.,18.44,73.42,Rice,17.47,21.85,26.58,99.0,3.95,900,22,11.82,23.02,9.57,8,236,4.38
2024-08-24,Maharashtra,Pune,Mulshi,Tamhini BK.,18.44,73.42,Rice,14.18,16.94,27.86,89.25,2.22,900,22,21.85,17.24,4.08,8,237,2.76
2024-08-25,Maharashtra,Pune,Mulshi,Tamhini BK.,18.44,73.42,Rice,14.57,16.2,26.78,87.96,2.79,900,22,16.94,11.82,25.02,8,238,1.63
2024-08-26,Maharashtra,Pune,Mulshi,Tamhini BK.,18.44,73.42,Rice,34.12,34.78,28.69,99.0,1.16,900,22,16.2,21.85,7.78,8,239,0.66
2024-08-27,Maharashtra,Pune,Mulshi,Tamhini BK.,18.44,73.42,Rice,5.35,10.9,26.78,84.86,0.69,900,22,34.78,16.94,23.02,8,240,5.55
2024-08-28,Maharashtra,Pune,Mulshi,Tamhini BK.,18.44,73.42,Rice,5.74,10.23,27.35,86.45,3.18,900,22,10.9,16.2,17.24,8,241,4.49
2024-08-29,Maharashtra,Pune,Mulshi,Tamhini BK.,18.44,73.42,Rice,20.41,27.02,28.21,99.0,2.47,900,22,10.23,34.78,11.82,8,242,6.61
2024-08-30,Maharashtra,Pune,Mulshi,Tamhini BK.,18.44,73.42,Rice,5.5,8.04,27.5,83.57,3.55,900,22,27.02,10.9,21.85,8,243,2.54
2024-08-31,Maharashtra,Pune,Mulshi,Tamhini BK.,18.44,73.42,Rice,6.62,13.23,27.53,86.32,2.21,900,22,8.04,10.23,16.94,8,244,6.61
2024-09-01,Maharashtra,Pune,Mulshi,Tamhini BK.,18.44,73.42,Rice,19.73,21.8,27.8,99.0,2.26,900,22,13.23,27.02,16.2,9,245,2.07
2024-09-02,Maharashtra,Pune,Mulshi,Tamhini BK.,18.44,73.42,Rice,10.04,12.42,28.04,82.47,1.9,900,22,21.8,8.04,34.78,9,246,2.38
2024-09-03,Maharashtra,Pune,Mulshi,Tamhini BK.,18.44,73.42,Rice,16.14,20.33,27.93,94.15,2.76,900,22,12.42,13.23,10.9,9,247,4.19
2024-09-04,Maharashtra,Pune,Mulshi,Tamhini BK.,18.44,73.42,Rice,6.13,11.9,27.16,83.52,2.15,900,22,20.33,21.8,10.23,9,248,5.77
2024-09-05,Maharashtra,Pune,Mulshi,Tamhini BK.,18.44,73.42,Rice,0.75,8.33,27.93,71.6,1.17,900,22,11.9,12.42,27.02,9,249,7.58
2024-09-06,Maharashtra,Pune,Mulshi,Tamhini BK.,18.44,73.42,Rice,5.65,9.73,28.57,84.19,2.78,900,22,8.33,20.33,8.04,9,250,4.08
2024-09-07,Maharashtra,Pune,Mulshi,Tamhini BK.,18.44,73.42,Rice,1.14,4.92,28.25,74.12,2.54,900,22,9.73,11.9,13.23,9,251,3.78
2024-09-08,Maharashtra,Pune,Mulshi,Tamhini BK.,18.44,73.42,Rice,8.45,13.7,27.44,83.54,3.68,900,22,4.92,8.33,21.8,9,252,5.25
2024-09-09,Maharashtra,Pune,Mulshi,Tamhini BK.,18.44,73.42,Rice,14.43,20.02,27.1,88.58,3.23,900,22,13.7,9.73,12.42,9,253,5.59
2024-09-10,Maharashtra,Pune,Mulshi,Tamhini BK.,18.44,73.42,Rice,0.54,4.48,27.46,78.29,2.86,900,22,20.02,4.92,20.33,9,254,3.94
2024-09-11,Maharashtra,Pune,Mulshi,Tamhini BK.,18.44,73.42,Rice,2.3,6.97,26.71,78.08,3.51,900,22,4.48,13.7,11.9,9,255,4.67
2024-09-12,Maharashtra,Pune,Mulshi,Tamhini BK.,18.44,73.42,Rice,20.96,23.03,27.92,99.0,2.98,900,22,6.97,20.02,8.33,9,256,2.07
2024-09-13,Maharashtra,Pune,Mulshi,Tamhini BK.,18.44,73.42,Rice,11.08,15.39,27.13,81.71,2.67,900,22,23.03,4.48,9.73,9,257,4.31
2024-09-14,Maharashtra,Pune,Mulshi,Tamhini BK.,18.44,73.42,Rice,6.59,8.37,27.99,92.13,2.46,900,22,15.39,6.97,4.92,9,258,1.78
2024-09-15,Maharashtra,Pune,Mulshi,Tamhini BK.,18.44,73.42,Rice,5.12,13.63,26.8,82.95,1.76,900,22,8.37,23.03,13.7,9,259,8.51
2024-09-16,Maharashtra,Pune,Mulshi,Tamhini BK.,18.44,73.42,Rice,2.98,10.13,28.76,81.37,2.1,900,22,13.63,15.39,20.02,9,260,7.15
2024-09-17,Maharashtra,Pune,Mulshi,Tamhini BK.,18.44,73.42,Rice,30.8,34.11,26.24,99.0,3.17,900,22,10.13,8.37,4.48,9,261,3.31
2024-09-18,Maharashtra,Pune,Mulshi,Tamhini BK.,18.44,73.42,Rice,16.36,22.42,26.3,99.0,3.03,900,22,34.11,13.63,6.97,9,262,6.06
2024-09-19,Maharashtra,Pune,Mulshi,Tamhini BK.,18.44,73.42,Rice,4.86,7.78,27.03,79.98,0.92,900,22,22.42,10.13,23.03,9,263,2.92
2024-09-20,Maharashtra,Pune,Mulshi,Tamhini BK.,18.44,73.42,Rice,10.34,13.38,27.66,87.34,2.66,900,22,7.78,34.11,15.39,9,264,3.04
2024-09-21,Maharashtra,Pune,Mulshi,Tamhini BK.,18.44,73.42,Rice,2.46,9.02,27.34,87.04,2.44,900,22,13.38,22.42,8.37,9,265,6.56
2024-09-22,Maharashtra,Pune,Mulshi,Tamhini BK.,18.44,73.42,Rice,1.64,7.35,27.87,82.73,1.88,900,22,9.02,7.78,13.63,9,266,5.71
2024-09-23,Maharashtra,Pune,Mulshi,Tamhini BK.,18.44,73.42,Rice,4.11,5.98,27.15,86.28,2.59,900,22,7.35,13.38,10.13,9,267,1.87
2024-09-24,Maharashtra,Pune,Mulshi,Tamhini BK.,18.44,73.42,Rice,0.83,8.6,27.24,74.4,2.18,900,22,5.98,9.02,34.11,9,268,7.77
2024-09-25,Maharashtra,Pune,Mulshi,Tamhini BK.,18.44,73.42,Rice,0.64,4.3,28.24,76.97,3.54,900,22,8.6,7.35,22.42,9,269,3.66
2024-09-26,Maharashtra,Pune,Mulshi,Tamhini BK.,18.44,73.42,Rice,5.55,11.43,27.69,84.05,2.21,900,22,4.3,5.98,7.78,9,270,5.88
2024-09-27,Maharashtra,Pune,Mulshi,Tamhini BK.,18.44,73.42,Rice,18.1,22.56,27.23,99.0,2.06,900,22,11.43,8.6,13.38,9,271,4.46
2024-09-28,Maharashtra,Pune,Mulshi,Tamhini BK.,18.44,73.42,Rice,5.58,6.87,27.2,78.29,1.01,900,22,22.56,4.3,9.02,9,272,1.29
2024-09-29,Maharashtra,Pune,Mulshi,Tamhini BK.,18.44,73.42,Rice,4.64,10.14,27.55,73.84,1.31,900,22,6.87,11.43,7.35,9,273,5.5
2024-09-30,Maharashtra,Pune,Mulshi,Tamhini BK.,18.44,73.42,Rice,17.46,23.13,26.64,97.27,1.89,900,22,10.14,22.56,5.98,9,274,5.67
2024-06-01,Maharashtra,Pune,Mulshi,Bhambarde,18.45,73.55,Rice,6.08,8.68,23.95,84.37,1.43,760,16,,,,6,153,2.6
2024-06-02,Maharashtra,Pune,Mulshi,Bhambarde,18.45,73.55,Rice,5.58,11.78,25.24,82.35,0.85,760,16,8.68,,,6,154,6.2
2024-06-03,Maharashtra,Pune,Mulshi,Bhambarde,18.45,73.55,Rice,0.73,2.65,24.29,76.22,1.55,760,16,11.78,,,6,155,1.92
2024-06-04,Maharashtra,Pune,Mulshi,Bhambarde,18.45,73.55,Rice,0.88,2.59,24.31,73.93,2.82,760,16,2.65,8.68,,6,156,1.71
2024-06-05,Maharashtra,Pune,Mulshi,Bhambarde,18.45,73.55,Rice,3.23,7.92,24.77,78.76,2.78,760,16,2.59,11.78,,6,157,4.69
2024-06-06,Maharashtra,Pune,Mulshi,Bhambarde,18.45,73.55,Rice,7.5,11.16,24.37,81.56,3.02,760,16,7.92,2.65,,6,158,3.66
2024-06-07,Maharashtra,Pune,Mulshi,Bhambarde,18.45,73.55,Rice,6.39,10.45,25.0,86.45,3.15,760,16,11.16,2.59,,6,159,4.06
2024-06-08,Maharashtra,Pune,Mulshi,Bhambarde,18.45,73.55,Rice,9.47,15.74,25.18,89.89,2.63,760,16,10.45,7.92,8.68,6,160,6.27
2024-06-09,Maharashtra,Pune,Mulshi,Bhambarde,18.45,73.55,Rice,5.62,10.52,27.05,81.25,2.46,760,16,15.74,11.16,11.78,6,161,4.9
2024-06-10,Maharashtra,Pune,Mulshi,Bhambarde,18.45,73.55,Rice,2.86,9.45,24.64,77.54,1.13,760,16,10.52,10.45,2.65,6,162,6.59
2024-06-11,Maharashtra,Pune,Mulshi,Bhambarde,18.45,73.55,Rice,2.01,6.77,27.12,76.94,1.07,760,16,9.45,15.74,2.59,6,163,4.76
2024-06-12,Maharashtra,Pune,Mulshi,Bhambarde,18.45,73.55,Rice,10.22,16.32,25.01,85.74,2.26,760,16,6.77,10.52,7.92,6,164,6.1
2024-06-13,Maharashtra,Pune,Mulshi,Bhambarde,18.45,73.55,Rice,9.36,11.86,25.12,82.14,2.72,760,16,16.32,9.45,11.16,6,165,2.5
2024-06-14,Maharashtra,Pune,Mulshi,Bhambarde,18.45,73.55,Rice,0.38,5.39,25.52,78.81,2.35,760,16,11.86,6.77,10.45,6,166,5.01
2024-06-15,Maharashtra,Pune,Mulshi,Bhambarde,18.45,73.55,Rice,13.19,17.59,26.0,94.83,2.05,760,16,5.39,16.32,15.74,6,167,4.4
2024-06-16,Maharashtra,Pune,Mulshi,Bhambarde,18.45,73.55,Rice,0.93,5.53,26.17,73.38,1.67,760,16,17.59,11.86,10.52,6,168,4.6
2024-06-17,Maharashtra,Pune,Mulshi,Bhambarde,18.45,73.55,Rice,7.94,7.67,25.71,78.12,1.64,760,16,5.53,5.39,9.45,6,169,-0.27
2024-06-18,Maharashtra,Pune,Mulshi,Bhambarde,18.45,73.55,Rice,15.82,16.89,25.27,95.15,3.82,760,16,7.67,17.59,6.77,6,170,1.07
2024-06-19,Maharashtra,Pune,Mulshi,Bhambarde,18.45,73.55,Rice,3.23,9.83,25.29,82.77,1.22,760,16,16.89,5.53,16.32,6,171,6.6
2024-06-20,Maharashtra,Pune,Mulshi,Bhambarde,18.45,73.55,Rice,4.67,6.05,26.19,81.4,2.14,760,16,9.83,7.67,11.86,6,172,1.38
2024-06-21,Maharashtra,Pune,Mulshi,Bhambarde,18.45,73.55,Rice,2.46,6.56,26.33,68.45,1.73,760,16,6.05,16.89,5.39,6,173,4.1
2024-06-22,Maharashtra,Pune,Mulshi,Bhambarde,18.45,73.55,Rice,6.66,10.96,25.88,82.77,1.98,760,16,6.56,9.83,17.59,6,174,4.3
2024-06-23,Maharashtra,Pune,Mulshi,Bhambarde,18.45,73.55,Rice,4.55,7.2,25.23,81.2,2.55,760,16,10.96,6.05,5.53,6,175,2.65
2024-06-24,Maharashtra,Pune,Mulshi,Bhambarde,18.45,73.55,Rice,20.13,25.55,26.65,99.0,2.23,760,16,7.2,6.56,7.67,6,176,5.42
2024-06-25,Maharashtra,Pune,Mulshi,Bhambarde,18.45,73.55,Rice,4.3,9.51,26.0,82.1,1.5,760,16,25.55,10.96,16.89,6,177,5.21
2024-06-26,Maharashtra,Pune,Mulshi,Bhambarde,18.45,73.55,Rice,1.99,5.13,25.35,84.11,2.63,760,16,9.51,7.2,9.83,6,178,3.14
2024-06-27,Maharashtra,Pune,Mulshi,Bhambarde,18.45,73.55,Rice,10.38,13.24,25.82,82.92,2.33,760,16,5.13,25.55,6.05,6,179,2.86
2024-06-28,Maharashtra,Pune,Mulshi,Bhambarde,18.45,73.55,Rice,8.3,11.97,24.35,85.58,4.59,760,16,13.24,9.51,6.56,6,180,3.67
2024-06-29,Maharashtra,Pune,Mulshi,Bhambarde,18.45,73.55,Rice,13.42,18.11,25.51,86.69,2.12,760,16,11.97,5.13,10.96,6,181,4.69
2024-06-30,Maharashtra,Pune,Mulshi,Bhambarde,18.45,73.55,Rice,7.1,8.3,26.09,82.88,2.72,760,16,18.11,13.24,7.2,6,182,1.2
2024-07-01,Maharashtra,Pune,Mulshi,Bhambarde,18.45,73.55,Rice,1.48,2.62,27.28,70.92,1.53,760,16,8.3,11.97,25.55,7,183,1.14
2024-07-02,Maharashtra,Pune,Mulshi,Bhambarde,18.45,73.55,Rice,9.79,13.92,26.57,87.81,1.58,760,16,2.62,18.11,9.51,7,184,4.13
2024-07-03,Maharashtra,Pune,Mulshi,Bhambarde,18.45,73.55,Rice,4.05,5.0,26.5,76.37,2.66,760,16,13.92,8.3,5.13,7,185,0.95
2024-07-04,Maharashtra,Pune,Mulshi,Bhambarde,18.45,73.55,Rice,1.34,3.87,27.25,78.91,3.39,760,16,5.0,2.62,13.24,7,186,2.53
2024-07-05,Maharashtra,Pune,Mulshi,Bhambarde,18.45,73.55,Rice,3.02,4.56,26.02,78.58,1.82,760,16,3.87,13.92,11.97,7,187,1.54
2024-07-06,Maharashtra,Pune,Mulshi,Bhambarde,18.45,73.55,Rice,1.59,0.41,25.62,80.42,1.12,760,16,4.56,5.0,18.11,7,188,-1.18
2024-07-07,Maharashtra,Pune,Mulshi,Bhambarde,18.45,73.55,Rice,3.6,8.39,26.87,74.23,2.22,760,16,0.41,3.87,8.3,7,189,4.79
2024-07-08,Maharashtra,Pune,Mulshi,Bhambarde,18.45,73.55,Rice,0.79,1.1,25.71,72.79,1.2,760,16,8.39,4.56,2.62,7,190,0.31
2024-07-09,Maharashtra,Pune,Mulshi,Bhambarde,18.45,73.55,Rice,21.87,24.42,25.57,93.3,2.2,760,16,1.1,0.41,13.92,7,191,2.55
2024-07-10,Maharashtra,Pune,Mulshi,Bhambarde,18.45,73.55,Rice,5.41,9.35,26.81,83.78,2.15,760,16,24.42,8.39,5.0,7,192,3.94
2024-07-11,Maharashtra,Pune,Mulshi,Bhambarde,18.45,73.55,Rice,2.03,5.55,27.2,81.59,1.26,760,16,9.35,1.1,3.87,7,193,3.52
2024-07-12,Maharashtra,Pune,Mulshi,Bhambarde,18.45,73.55,Rice,1.19,2.58,27.15,78.83,3.28,760,16,5.55,24.42,4.56,7,194,1.39
2024-07-13,Maharashtra,Pune,Mulshi,Bhambarde,18.45,73.55,Rice,11.14,17.04,26.99,89.65,3.58,760,16,2.58,9.35,0.41,7,195,5.9
2024-07-14,Maharashtra,Pune,Mulshi,Bhambarde,18.45,73.55,Rice,8.77,10.6,27.19,91.47,2.36,760,16,17.04,5.55,8.39,7,196,1.83
2024-07-15,Maharashtra,Pune,Mulshi,Bhambarde,18.45,73.55,Rice,22.89,26.28,26.71,99.0,4.31,760,16,10.6,2.58,1.1,7,197,3.39
2024-07-16,Maharashtra,Pune,Mulshi,Bhambarde,18.45,73.55,Rice,7.55,11.1,25.38,82.02,3.19,760,16,26.28,17.04,24.42,7,198,3.55
2024-07-17,Maharashtra,Pune,Mulshi,Bhambarde,18.45,73.55,Rice,4.13,10.25,27.76,83.02,2.04,760,16,11.1,10.6,9.35,7,199,6.12
2024-07-18,Maharashtra,Pune,Mulshi,Bhambarde,18.45,73.55,Rice,6.48,7.99,26.13,81.31,1.57,760,16,10.25,26.28,5.55,7,200,1.51
2024-07-19,Maharashtra,Pune,Mulshi,Bhambarde,18.45,73.55,Rice,1.01,4.98,28.09,74.54,2.64,760,16,7.99,11.1,2.58,7,201,3.97
2024-07-20,Maharashtra,Pune,Mulshi,Bhambarde,18.45,73.55,Rice,11.27,16.26,27.48,90.83,2.2,760,16,4.98,10.25,17.04,7,202,4.99
2024-07-21,Maharashtra,Pune,Mulshi,Bhambarde,18.45,73.55,Rice,5.91,7.8,26.54,78.6,2.75,760,16,16.26,7.99,10.6,7,203,1.89
2024-07-22,Maharashtra,Pune,Mulshi,Bhambarde,18.45,73.55,Rice,23.01,27.08,26.28,99.0,1.85,760,16,7.8,4.98,26.28,7,204,4.07
2024-07-23,Maharashtra,Pune,Mulshi,Bhambarde,18.45,73.55,Rice,14.88,20.4,26.87,91.26,1.4,760,16,27.08,16.26,11.1,7,205,5.52
2024-07-24,Maharashtra,Pune,Mulshi,Bhambarde,18.45,73.55,Rice,11.18,15.23,28.65,95.14,2.15,760,16,20.4,7.8,10.25,7,206,4.05
2024-07-25,Maharashtra,Pune,Mulshi,Bhambarde,18.45,73.55,Rice,6.45,8.28,27.93,85.19,2.61,760,16,15.23,27.08,7.99,7,207,1.83
2024-07-26,Maharashtra,Pune,Mulshi,Bhambarde,18.45,73.55,Rice,16.46,20.3,27.07,99.0,3.17,760,16,8.28,20.4,4.98,7,208,3.84
2024-07-27,Maharashtra,Pune,Mulshi,Bhambarde,18.45,73.55,Rice,6.57,10.46,27.43,78.46,1.17,760,16,20.3,15.23,16.26,7,209,3.89
2024-07-28,Maharashtra,Pune,Mulshi,Bhambarde,18.45,73.55,Rice,3.35,5.56,27.65,79.35,2.56,760,16,10.46,8.28,7.8,7,210,2.21
2024-07-29,Maharashtra,Pune,Mulshi,Bhambarde,18.45,73.55,Rice,2.06,6.74,27.65,75.58,2.53,760,16,5.56,20.3,27.08,7,211,4.68
2024-07-30,Maharashtra,Pune,Mulshi,Bhambarde,18.45,73.55,Rice,47.05,49.17,27.15,99.0,2.28,760,16,6.74,10.46,20.4,7,212,2.12
2024-07-31,Maharashtra,Pune,Mulshi,Bhambarde,18.45,73.55,Rice,9.23,10.8,27.19,86.41,1.95,760,16,49.17,5.56,15.23,7,213,1.57
2024-08-01,Maharashtra,Pune,Mulshi,Bhambarde,18.45,73.55,Rice,8.05,13.33,27.25,87.26,1.97,760,16,10.8,6.74,8.28,8,214,5.28
2024-08-02,Maharashtra,Pune,Mulshi,Bhambarde,18.45,73.55,Rice,16.14,21.37,27.85,97.72,2.32,760,16,13.33,49.17,20.3,8,215,5.23
2024-08-03,Maharashtra,Pune,Mulshi,Bhambarde,18.45,73.55,Rice,12.07,14.27,26.94,91.21,2.73,760,16,21.37,10.8,10.46,8,216,2.2
2024-08-04,Maharashtra,Pune,Mulshi,Bhambarde,18.45,73.55,Rice,3.76,7.07,25.85,79.64,2.27,760,16,14.27,13.33,5.56,8,217,3.31
2024-08-05,Maharashtra,Pune,Mulshi,Bhambarde,18.45,73.55,Rice,8.03,9.1,26.85,75.19,2.02,760,16,7.07,21.37,6.74,8,218,1.07
2024-08-06,Maharashtra,Pune,Mulshi,Bhambarde,18.45,73.55,Rice,6.19,11.9,28.05,83.73,2.1,760,16,9.1,14.27,49.17,8,219,5.71
2024-08-07,Maharashtra,Pune,Mulshi,Bhambarde,18.45,73.55,Rice,21.75,23.62,26.27,99.0,3.0,760,16,11.9,7.07,10.8,8,220,1.87
2024-08-08,Maharashtra,Pune,Mulshi,Bhambarde,18.45,73.55,Rice,47.63,49.6,26.66,99.0,0.99,760,16,23.62,9.1,13.33,8,221,1.97
2024-08-09,Maharashtra,Pune,Mulshi,Bhambarde,18.45,73.55,Rice,14.74,19.12,27.36,95.95,2.54,760,16,49.6,11.9,21.37,8,222,4.38
2024-08-10,Maharashtra,Pune,Mulshi,Bhambarde,18.45,73.55,Rice,3.75,6.55,28.08,70.83,3.42,760,16,19.12,23.62,14.27,8,223,2.8
2024-08-11,Maharashtra,Pune,Mulshi,Bhambarde,18.45,73.55,Rice,28.29,32.91,27.94,99.0,2.84,760,16,6.55,49.6,7.07,8,224,4.62
2024-08-12,Maharashtra,Pune,Mulshi,Bhambarde,18.45,73.55,Rice,3.53,9.28,28.25,77.41,1.81,760,16,32.91,19.12,9.1,8,225,5.75
2024-08-13,Maharashtra,Pune,Mulshi,Bhambarde,18.45,73.55,Rice,4.29,5.79,27.83,84.13,2.33,760,16,9.28,6.55,11.9,8,226,1.5
2024-08-14,Maharashtra,Pune,Mulshi,Bhambarde,18.45,73.55,Rice,19.91,22.99,26.91,99.0,1.79,760,16,5.79,32.91,23.62,8,227,3.08
2024-08-15,Maharashtra,Pune,Mulshi,Bhambarde,18.45,73.55,Rice,11.64,13.03,27.19,95.5,2.56,760,16,22.99,9.28,49.6,8,228,1.39
2024-08-16,Maharashtra,Pune,Mulshi,Bhambarde,18.45,73.55,Rice,2.56,5.77,30.04,80.21,2.1,760,16,13.03,5.79,19.12,8,229,3.21
2024-08-17,Maharashtra,Pune,Mulshi,Bhambarde,18.45,73.55,Rice,25.59,29.28,29.03,99.0,1.01,760,16,5.77,22.99,6.55,8,230,3.69
2024-08-18,Maharashtra,Pune,Mulshi,Bhambarde,18.45,73.55,Rice,5.41,9.66,27.06,79.75,1.95,760,16,29.28,13.03,32.91,8,231,4.25
2024-08-19,Maharashtra,Pune,Mulshi,Bhambarde,18.45,73.55,Rice,11.22,16.82,27.98,84.13,1.34,760,16,9.66,5.77,9.28,8,232,5.6
2024-08-20,Maharashtra,Pune,Mulshi,Bhambarde,18.45,73.55,Rice,12.82,15.87,27.88,86.83,1.58,760,16,16.82,29.28,5.79,8,233,3.05
2024-08-21,Maharashtra,Pune,Mulshi,Bhambarde,18.45,73.55,Rice,7.17,12.79,28.1,84.9,1.8,760,16,15.87,9.66,22.99,8,234,5.62
2024-08-22,Maharashtra,Pune,Mulshi,Bhambarde,18.45,73.55,Rice,2.18,6.5,27.92,70.21,1.77,760,16,12.79,16.82,13.03,8,235,4.32
2024-08-23,Maharashtra,Pune,Mulshi,Bhambarde,18.45,73.55,Rice,20.54,21.2,29.34,99.0,2.71,760,16,6.5,15.87,5.77,8,236,0.66
2024-08-24,Maharashtra,Pune,Mulshi,Bhambarde,18.45,73.55,Rice,10.89,12.94,29.18,93.09,3.06,760,16,21.2,12.79,29.28,8,237,2.05
2024-08-25,Maharashtra,Pune,Mulshi,Bhambarde,18.45,73.55,Rice,12.47,18.52,27.11,92.1,1.09,760,16,12.94,6.5,9.66,8,238,6.05
2024-08-26,Maharashtra,Pune,Mulshi,Bhambarde,18.45,73.55,Rice,0.29,2.18,26.31,78.51,4.1,760,16,18.52,21.2,16.82,8,239,1.89
2024-08-27,Maharashtra,Pune,Mulshi,Bhambarde,18.45,73.55,Rice,22.12,25.64,28.32,99.0,2.13,760,16,2.18,12.94,15.87,8,240,3.52
2024-08-28,Maharashtra,Pune,Mulshi,Bhambarde,18.45,73.55,Rice,7.42,12.03,27.61,84.43,3.5,760,16,25.64,18.52,12.79,8,241,4.61
2024-08-29,Maharashtra,Pune,Mulshi,Bhambarde,18.45,73.55,Rice,19.05,25.98,27.43,99.0,2.83,760,16,12.03,2.18,6.5,8,242,6.93
2024-08-30,Maharashtra,Pune,Mulshi,Bhambarde,18.45,73.55,Rice,60.71,62.84,27.99,99.0,3.96,760,16,25.98,25.64,21.2,8,243,2.13
2024-08-31,Maharashtra,Pune,Mulshi,Bhambarde,18.45,73.55,Rice,3.32,9.15,28.19,76.15,3.53,760,16,62.84,12.03,12.94,8,244,5.83
2024-09-01,Maharashtra,Pune,Mulshi,Bhambarde,18.45,73.55,Rice,18.52,22.42,27.85,97.9,2.91,760,16,9.15,25.98,18.52,9,245,3.9
2024-09-02,Maharashtra,Pune,Mulshi,Bhambarde,18.45,73.55,Rice,6.9,8.16,27.09,80.09,1.8,760,16,22.42,62.84,2.18,9,246,1.26
2024-09-03,Maharashtra,Pune,Mulshi,Bhambarde,18.45,73.55,Rice,8.12,12.06,28.03,83.24,3.57,760,16,8.16,9.15,25.64,9,247,3.94
2024-09-04,Maharashtra,Pune,Mulshi,Bhambarde,18.45,73.55,Rice,4.96,9.42,26.39,78.79,3.18,760,16,12.06,22.42,12.03,9,248,4.46
2024-09-05,Maharashtra,Pune,Mulshi,Bhambarde,18.45,73.55,Rice,0.54,7.07,27.4,77.82,3.3,760,16,9.42,8.16,25.98,9,249,6.53
2024-09-06,Maharashtra,Pune,Mulshi,Bhambarde,18.45,73.55,Rice,3.87,6.02,27.32,77.44,2.67,760,16,7.07,12.06,62.84,9,250,2.15
2024-09-07,Maharashtra,Pune,Mulshi,Bhambarde,18.45,73.55,Rice,16.1,17.06,26.88,96.9,3.88,760,16,6.02,9.42,9.15,9,251,0.96
2024-09-08,Maharashtra,Pune,Mulshi,Bhambarde,18.45,73.55,Rice,8.76,13.79,27.46,84.99,1.63,760,16,17.06,7.07,22.42,9,252,5.03
2024-09-09,Maharashtra,Pune,Mulshi,Bhambarde,18.45,73.55,Rice,18.52,23.62,27.29,96.58,3.75,760,16,13.79,6.02,8.16,9,253,5.1
2024-09-10,Maharashtra,Pune,Mulshi,Bhambarde,18.45,73.55,Rice,2.7,5.94,27.89,77.47,1.14,760,16,23.62,17.06,12.06,9,254,3.24
2024-09-11,Maharashtra,Pune,Mulshi,Bhambarde,18.45,73.55,Rice,2.18,5.83,27.91,77.57,1.87,760,16,5.94,13.79,9.42,9,255,3.65
2024-09-12,Maharashtra,Pune,Mulshi,Bhambarde,18.45,73.55,Rice,20.97,23.59,28.34,98.28,1.92,760,16,5.83,23.62,7.07,9,256,2.62
2024-09-13,Maharashtra,Pune,Mulshi,Bhambarde,18.45,73.55,Rice,5.69,9.71,29.02,84.17,0.5,760,16,23.59,5.94,6.02,9,257,4.02
2024-09-14,Maharashtra,Pune,Mulshi,Bhambarde,18.45,73.55,Rice,7.47,11.06,27.71,84.85,2.36,760,16,9.71,5.83,17.06,9,258,3.59
2024-09-15,Maharashtra,Pune,Mulshi,Bhambarde,18.45,73.55,Rice,9.34,10.95,29.64,84.35,2.48,760,16,11.06,23.59,13.79,9,259,1.61
2024-09-16,Maharashtra,Pune,Mulshi,Bhambarde,18.45,73.55,Rice,0.74,2.37,27.19,81.07,2.78,760,16,10.95,9.71,23.62,9,260,1.63
2024-09-17,Maharashtra,Pune,Mulshi,Bhambarde,18.45,73.55,Rice,8.69,15.86,26.65,92.54,3.22,760,16,2.37,11.06,5.94,9,261,7.17
2024-09-18,Maharashtra,Pune,Mulshi,Bhambarde,18.45,73.55,Rice,8.59,12.39,27.13,86.42,2.2,760,16,15.86,10.95,5.83,9,262,3.8
2024-09-19,Maharashtra,Pune,Mulshi,Bhambarde,18.45,73.55,Rice,0.2,3.54,27.1,74.0,2.69,760,16,12.39,2.37,23.59,9,263,3.34
2024-09-20,Maharashtra,Pune,Mulshi,Bhambarde,18.45,73.55,Rice,1.78,6.1,27.77,77.34,1.48,760,16,3.54,15.86,9.71,9,264,4.32
2024-09-21,Maharashtra,Pune,Mulshi,Bhambarde,18.45,73.55,Rice,5.28,6.73,26.86,85.72,2.11,760,16,6.1,12.39,11.06,9,265,1.45
2024-09-22,Maharashtra,Pune,Mulshi,Bhambarde,18.45,73.55,Rice,2.98,7.18,27.6,78.09,1.92,760,16,6.73,3.54,10.95,9,266,4.2
2024-09-23,Maharashtra,Pune,Mulshi,Bhambarde,18.45,73.55,Rice,0.12,4.52,27.21,75.59,2.99,760,16,7.18,6.1,2.37,9,267,4.4
2024-09-24,Maharashtra,Pune,Mulshi,Bhambarde,18.45,73.55,Rice,0.56,1.79,28.55,80.18,0.64,760,16,4.52,6.73,15.86,9,268,1.23
2024-09-25,Maharashtra,Pune,Mulshi,Bhambarde,18.45,73.55,Rice,0.6,3.15,26.35,84.5,2.65,760,16,1.79,7.18,12.39,9,269,2.55
2024-09-26,Maharashtra,Pune,Mulshi,Bhambarde,18.45,73.55,Rice,6.7,11.64,26.98,82.91,2.89,760,16,3.15,4.52,3.54,9,270,4.94
2024-09-27,Maharashtra,Pune,Mulshi,Bhambarde,18.45,73.55,Rice,0.46,4.32,28.12,72.24,1.66,760,16,11.64,1.79,6.1,9,271,3.86
2024-09-28,Maharashtra,Pune,Mulshi,Bhambarde,18.45,73.55,Rice,1.02,4.65,26.86,73.17,1.39,760,16,4.32,3.15,6.73,9,272,3.63
2024-09-29,Maharashtra,Pune,Mulshi,Bhambarde,18.45,73.55,Rice,3.89,6.02,28.24,80.34,3.42,760,16,4.65,11.64,7.18,9,273,2.13
2024-09-30,Maharashtra,Pune,Mulshi,Bhambarde,18.45,73.55,Rice,2.26,5.65,25.94,84.42,2.29,760,16,6.02,4.32,4.52,9,274,3.39
2024-06-01,Maharashtra,Pune,Shirur,Shikrapur,18.7,74.14,Bajra,4.88,6.75,24.08,86.8,2.65,600,7,,,,6,153,1.87
2024-06-02,Maharashtra,Pune,Shirur,Shikrapur,18.7,74.14,Bajra,3.67,8.18,25.27,74.71,1.84,600,7,6.75,,,6,154,4.51
2024-06-03,Maharashtra,Pune,Shirur,Shikrapur,18.7,74.14,Bajra,0.83,3.37,23.81,76.24,1.2,600,7,8.18,,,6,155,2.54
2024-06-04,Maharashtra,Pune,Shirur,Shikrapur,18.7,74.14,Bajra,2.62,5.87,25.09,86.77,3.08,600,7,3.37,6.75,,6,156,3.25
2024-06-05,Maharashtra,Pune,Shirur,Shikrapur,18.7,74.14,Bajra,1.82,1.22,24.2,79.51,0.67,600,7,5.87,8.18,,6,157,-0.6
2024-06-06,Maharashtra,Pune,Shirur,Shikrapur,18.7,74.14,Bajra,2.79,5.19,24.17,81.04,2.42,600,7,1.22,3.37,,6,158,2.4
2024-06-07,Maharashtra,Pune,Shirur,Shikrapur,18.7,74.14,Bajra,9.05,9.71,24.79,81.48,2.72,600,7,5.19,5.87,,6,159,0.66
2024-06-08,Maharashtra,Pune,Shirur,Shikrapur,18.7,74.14,Bajra,5.1,6.06,24.83,79.82,2.57,600,7,9.71,1.22,6.75,6,160,0.96
2024-06-09,Maharashtra,Pune,Shirur,Shikrapur,18.7,74.14,Bajra,4.38,8.75,24.63,85.2,2.83,600,7,6.06,5.19,8.18,6,161,4.37
2024-06-10,Maharashtra,Pune,Shirur,Shikrapur,18.7,74.14,Bajra,3.12,10.18,24.54,80.94,1.8,600,7,8.75,9.71,3.37,6,162,7.06
2024-06-11,Maharashtra,Pune,Shirur,Shikrapur,18.7,74.14,Bajra,12.63,13.48,25.52,92.19,1.99,600,7,10.18,6.06,5.87,6,163,0.85
2024-06-12,Maharashtra,Pune,Shirur,Shikrapur,18.7,74.14,Bajra,6.35,8.98,25.18,85.34,2.58,600,7,13.48,8.75,1.22,6,164,2.63
2024-06-13,Maharashtra,Pune,Shirur,Shikrapur,18.7,74.14,Bajra,3.56,9.14,24.52,81.98,2.14,600,7,8.98,10.18,5.19,6,165,5.58
2024-06-14,Maharashtra,Pune,Shirur,Shikrapur,18.7,74.14,Bajra,13.21,13.94,24.63,93.15,1.3,600,7,9.14,13.48,9.71,6,166,0.73
2024-06-15,Maharashtra,Pune,Shirur,Shikrapur,18.7,74.14,Bajra,2.11,4.79,25.0,72.58,3.27,600,7,13.94,8.98,6.06,6,167,2.68
2024-06-16,Maharashtra,Pune,Shirur,Shikrapur,18.7,74.14,Bajra,0.69,1.49,26.52,79.82,1.59,600,7,4.79,9.14,8.75,6,168,0.8
2024-06-17,Maharashtra,Pune,Shirur,Shikrapur,18.7,74.14,Bajra,1.27,2.94,25.33,82.61,1.8,600,7,1.49,13.94,10.18,6,169,1.67
2024-06-18,Maharashtra,Pune,Shirur,Shikrapur,18.7,74.14,Bajra,4.03,7.85,25.39,79.68,1.01,600,7,2.94,4.79,13.48,6,170,3.82
2024-06-19,Maharashtra,Pune,Shirur,Shikrapur,18.7,74.14,Bajra,1.08,3.0,25.6,81.45,1.45,600,7,7.85,1.49,8.98,6,171,1.92
2024-06-20,Maharashtra,Pune,Shirur,Shikrapur,18.7,74.14,Bajra,3.02,3.81,26.6,83.26,2.63,600,7,3.0,2.94,9.14,6,172,0.79
2024-06-21,Maharashtra,Pune,Shirur,Shikrapur,18.7,74.14,Bajra,15.35,17.53,25.9,90.76,2.64,600,7,3.81,7.85,13.94,6,173,2.18
2024-06-22,Maharashtra,Pune,Shirur,Shikrapur,18.7,74.14,Bajra,1.05,5.37,25.89,69.85,1.63,600,7,17.53,3.0,4.79,6,174,4.32
2024-06-23,Maharashtra,Pune,Shirur,Shikrapur,18.7,74.14,Bajra,6.66,3.47,26.61,84.54,1.74,600,7,5.37,3.81,1.49,6,175,-3.19
2024-06-24,Maharashtra,Pune,Shirur,Shikrapur,18.7,74.14,Bajra,9.45,10.28,26.04,94.47,3.7,600,7,3.47,17.53,2.94,6,176,0.83
2024-06-25,Maharashtra,Pune,Shirur,Shikrapur,18.7,74.14,Bajra,5.79,9.58,24.96,85.53,1.81,600,7,10.28,5.37,7.85,6,177,3.79
2024-06-26,Maharashtra,Pune,Shirur,Shikrapur,18.7,74.14,Bajra,5.68,8.88,25.97,70.52,2.54,600,7,9.58,3.47,3.0,6,178,3.2
2024-06-27,Maharashtra,Pune,Shirur,Shikrapur,18.7,74.14,Bajra,7.57,7.97,26.25,84.67,3.71,600,7,8.88,10.28,3.81,6,179,0.4
2024-06-28,Maharashtra,Pune,Shirur,Shikrapur,18.7,74.14,Bajra,5.82,10.11,26.24,79.39,0.45,600,7,7.97,9.58,17.53,6,180,4.29
2024-06-29,Maharashtra,Pune,Shirur,Shikrapur,18.7,74.14,Bajra,2.69,4.18,26.59,79.82,3.43,600,7,10.11,8.88,5.37,6,181,1.49
2024-06-30,Maharashtra,Pune,Shirur,Shikrapur,18.7,74.14,Bajra,3.33,6.55,27.13,73.17,2.03,600,7,4.18,7.97,3.47,6,182,3.22
2024-07-01,Maharashtra,Pune,Shirur,Shikrapur,18.7,74.14,Bajra,9.45,12.13,25.92,90.36,3.09,600,7,6.55,10.11,10.28,7,183,2.68
2024-07-02,Maharashtra,Pune,Shirur,Shikrapur,18.7,74.14,Bajra,3.2,7.76,27.5,82.81,2.44,600,7,12.13,4.18,9.58,7,184,4.56
2024-07-03,Maharashtra,Pune,Shirur,Shikrapur,18.7,74.14,Bajra,4.46,6.43,26.35,77.12,3.44,600,7,7.76,6.55,8.88,7,185,1.97
2024-07-04,Maharashtra,Pune,Shirur,Shikrapur,18.7,74.14,Bajra,1.2,3.6,27.66,75.75,1.87,600,7,6.43,12.13,7.97,7,186,2.4
2024-07-05,Maharashtra,Pune,Shirur,Shikrapur,18.7,74.14,Bajra,2.69,0.0,25.61,90.15,2.87,600,7,3.6,7.76,10.11,7,187,-2.69
2024-07-06,Maharashtra,Pune,Shirur,Shikrapur,18.7,74.14,Bajra,1.3,3.64,26.95,84.92,2.71,600,7,0.0,6.43,4.18,7,188,2.34
2024-07-07,Maharashtra,Pune,Shirur,Shikrapur,18.7,74.14,Bajra,2.8,3.6,25.68,72.32,1.15,600,7,3.64,3.6,6.55,7,189,0.8
2024-07-08,Maharashtra,Pune,Shirur,Shikrapur,18.7,74.14,Bajra,1.81,4.64,25.61,65.6,1.56,600,7,3.6,0.0,12.13,7,190,2.83
2024-07-09,Maharashtra,Pune,Shirur,Shikrapur,18.7,74.14,Bajra,3.11,8.35,26.06,83.26,2.38,600,7,4.64,3.64,7.76,7,191,5.24
2024-07-10,Maharashtra,Pune,Shirur,Shikrapur,18.7,74.14,Bajra,4.97,7.05,26.0,82.64,2.21,600,7,8.35,3.6,6.43,7,192,2.08
2024-07-11,Maharashtra,Pune,Shirur,Shikrapur,18.7,74.14,Bajra,1.76,4.81,26.26,78.69,2.33,600,7,7.05,4.64,3.6,7,193,3.05
2024-07-12,Maharashtra,Pune,Shirur,Shikrapur,18.7,74.14,Bajra,1.98,2.94,25.96,71.89,2.11,600,7,4.81,8.35,0.0,7,194,0.96
2024-07-13,Maharashtra,Pune,Shirur,Shikrapur,18.7,74.14,Bajra,8.9,16.14,27.28,91.9,3.04,600,7,2.94,7.05,3.64,7,195,7.24
2024-07-14,Maharashtra,Pune,Shirur,Shikrapur,18.7,74.14,Bajra,22.21,19.29,26.39,99.0,2.52,600,7,16.14,4.81,3.6,7,196,-2.92
2024-07-15,Maharashtra,Pune,Shirur,Shikrapur,18.7,74.14,Bajra,7.11,10.08,27.3,80.78,1.52,600,7,19.29,2.94,4.64,7,197,2.97
2024-07-16,Maharashtra,Pune,Shirur,Shikrapur,18.7,74.14,Bajra,19.62,20.58,26.35,96.95,1.83,600,7,10.08,16.14,8.35,7,198,0.96
2024-07-17,Maharashtra,Pune,Shirur,Shikrapur,18.7,74.14,Bajra,1.14,2.95,26.41,81.79,2.63,600,7,20.58,19.29,7.05,7,199,1.81
2024-07-18,Maharashtra,Pune,Shirur,Shikrapur,18.7,74.14,Bajra,7.31,9.27,27.11,87.64,2.32,600,7,2.95,10.08,4.81,7,200,1.96
2024-07-19,Maharashtra,Pune,Shirur,Shikrapur,18.7,74.14,Bajra,14.16,17.95,26.56,85.75,2.61,600,7,9.27,20.58,2.94,7,201,3.79
2024-07-20,Maharashtra,Pune,Shirur,Shikrapur,18.7,74.14,Bajra,10.99,14.03,26.69,85.96,2.84,600,7,17.95,2.95,16.14,7,202,3.04
2024-07-21,Maharashtra,Pune,Shirur,Shikrapur,18.7,74.14,Bajra,8.71,13.13,26.35,84.11,3.71,600,7,14.03,9.27,19.29,7,203,4.42
2024-07-22,Maharashtra,Pune,Shirur,Shikrapur,18.7,74.14,Bajra,12.55,15.33,27.12,80.08,1.67,600,7,13.13,17.95,10.08,7,204,2.78
2024-07-23,Maharashtra,Pune,Shirur,Shikrapur,18.7,74.14,Bajra,5.76,8.45,27.83,81.62,1.55,600,7,15.33,14.03,20.58,7,205,2.69
2024-07-24,Maharashtra,Pune,Shirur,Shikrapur,18.7,74.14,Bajra,8.25,10.14,26.87,94.86,0.61,600,7,8.45,13.13,2.95,7,206,1.89
2024-07-25,Maharashtra,Pune,Shirur,Shikrapur,18.7,74.14,Bajra,4.14,4.77,27.74,84.22,2.36,600,7,10.14,15.33,9.27,7,207,0.63
2024-07-26,Maharashtra,Pune,Shirur,Shikrapur,18.7,74.14,Bajra,4.75,6.74,27.09,80.95,2.6,600,7,4.77,8.45,17.95,7,208,1.99
2024-07-27,Maharashtra,Pune,Shirur,Shikrapur,18.7,74.14,Bajra,12.13,12.23,25.95,94.03,2.6,600,7,6.74,10.14,14.03,7,209,0.1
2024-07-28,Maharashtra,Pune,Shirur,Shikrapur,18.7,74.14,Bajra,10.04,15.81,26.78,88.73,3.08,600,7,12.23,4.77,13.13,7,210,5.77
2024-07-29,Maharashtra,Pune,Shirur,Shikrapur,18.7,74.14,Bajra,2.04,4.6,29.24,79.65,3.69,600,7,15.81,6.74,15.33,7,211,2.56
2024-07-30,Maharashtra,Pune,Shirur,Shikrapur,18.7,74.14,Bajra,17.47,17.69,28.01,90.98,3.68,600,7,4.6,12.23,8.45,7,212,0.22
2024-07-31,Maharashtra,Pune,Shirur,Shikrapur,18.7,74.14,Bajra,7.95,13.82,27.06,88.15,2.21,600,7,17.69,15.81,10.14,7,213,5.87
2024-08-01,Maharashtra,Pune,Shirur,Shikrapur,18.7,74.14,Bajra,12.4,11.99,27.27,91.01,2.12,600,7,13.82,4.6,4.77,8,214,-0.41
2024-08-02,Maharashtra,Pune,Shirur,Shikrapur,18.7,74.14,Bajra,18.29,21.11,27.4,91.72,1.34,600,7,11.99,17.69,6.74,8,215,2.82
2024-08-03,Maharashtra,Pune,Shirur,Shikrapur,18.7,74.14,Bajra,6.73,10.09,26.17,71.63,2.99,600,7,21.11,13.82,12.23,8,216,3.36
2024-08-04,Maharashtra,Pune,Shirur,Shikrapur,18.7,74.14,Bajra,5.99,6.43,27.65,86.57,2.04,600,7,10.09,11.99,15.81,8,217,0.44
2024-08-05,Maharashtra,Pune,Shirur,Shikrapur,18.7,74.14,Bajra,4.18,7.2,27.81,80.96,3.18,600,7,6.43,21.11,4.6,8,218,3.02
2024-08-06,Maharashtra,Pune,Shirur,Shikrapur,18.7,74.14,Bajra,3.97,10.13,27.03,78.5,2.35,600,7,7.2,10.09,17.69,8,219,6.16
2024-08-07,Maharashtra,Pune,Shirur,Shikrapur,18.7,74.14,Bajra,6.81,8.97,27.44,84.87,0.51,600,7,10.13,6.43,13.82,8,220,2.16
2024-08-08,Maharashtra,Pune,Shirur,Shikrapur,18.7,74.14,Bajra,26.22,29.58,26.53,99.0,1.86,600,7,8.97,7.2,11.99,8,221,3.36
2024-08-09,Maharashtra,Pune,Shirur,Shikrapur,18.7,74.14,Bajra,20.03,23.74,27.06,98.22,2.2,600,7,29.58,10.13,21.11,8,222,3.71
2024-08-10,Maharashtra,Pune,Shirur,Shikrapur,18.7,74.14,Bajra,17.49,17.06,26.17,92.64,1.75,600,7,23.74,8.97,10.09,8,223,-0.43
2024-08-11,Maharashtra,Pune,Shirur,Shikrapur,18.7,74.14,Bajra,0.67,0.0,26.84,81.61,2.72,600,7,17.06,29.58,6.43,8,224,-0.67
2024-08-12,Maharashtra,Pune,Shirur,Shikrapur,18.7,74.14,Bajra,7.21,6.34,26.77,84.48,3.09,600,7,0.0,23.74,7.2,8,225,-0.87
2024-08-13,Maharashtra,Pune,Shirur,Shikrapur,18.7,74.14,Bajra,12.88,13.6,27.6,90.17,2.24,600,7,6.34,17.06,10.13,8,226,0.72
2024-08-14,Maharashtra,Pune,Shirur,Shikrapur,18.7,74.14,Bajra,26.93,28.66,28.45,99.0,1.89,600,7,13.6,0.0,8.97,8,227,1.73
2024-08-15,Maharashtra,Pune,Shirur,Shikrapur,18.7,74.14,Bajra,3.33,2.34,28.03,82.67,2.81,600,7,28.66,6.34,29.58,8,228,-0.99
2024-08-16,Maharashtra,Pune,Shirur,Shikrapur,18.7,74.14,Bajra,2.15,2.55,27.39,87.19,2.48,600,7,2.34,13.6,23.74,8,229,0.4
2024-08-17,Maharashtra,Pune,Shirur,Shikrapur,18.7,74.14,Bajra,1.34,0.84,26.8,73.44,2.04,600,7,2.55,28.66,17.06,8,230,-0.5
2024-08-18,Maharashtra,Pune,Shirur,Shikrapur,18.7,74.14,Bajra,12.47,15.72,26.88,88.8,2.62,600,7,0.84,2.34,0.0,8,231,3.25
2024-08-19,Maharashtra,Pune,Shirur,Shikrapur,18.7,74.14,Bajra,2.83,5.91,27.42,80.3,3.67,600,7,15.72,2.55,6.34,8,232,3.08
2024-08-20,Maharashtra,Pune,Shirur,Shikrapur,18.7,74.14,Bajra,4.64,7.96,26.64,77.16,1.73,600,7,5.91,0.84,13.6,8,233,3.32
2024-08-21,Maharashtra,Pune,Shirur,Shikrapur,18.7,74.14,Bajra,2.07,5.5,28.55,79.71,2.04,600,7,7.96,15.72,28.66,8,234,3.43
2024-08-22,Maharashtra,Pune,Shirur,Shikrapur,18.7,74.14,Bajra,5.51,11.92,28.55,85.75,1.63,600,7,5.5,5.91,2.34,8,235,6.41
2024-08-23,Maharashtra,Pune,Shirur,Shikrapur,18.7,74.14,Bajra,3.08,3.73,28.04,81.13,1.53,600,7,11.92,7.96,2.55,8,236,0.65
2024-08-24,Maharashtra,Pune,Shirur,Shikrapur,18.7,74.14,Bajra,13.96,12.71,27.66,93.88,3.18,600,7,3.73,5.5,0.84,8,237,-1.25
2024-08-25,Maharashtra,Pune,Shirur,Shikrapur,18.7,74.14,Bajra,3.66,6.24,26.78,74.73,3.3,600,7,12.71,11.92,15.72,8,238,2.58
2024-08-26,Maharashtra,Pune,Shirur,Shikrapur,18.7,74.14,Bajra,13.6,18.79,28.44,95.05,1.67,600,7,6.24,3.73,5.91,8,239,5.19
2024-08-27,Maharashtra,Pune,Shirur,Shikrapur,18.7,74.14,Bajra,19.09,20.52,27.23,99.0,1.06,600,7,18.79,12.71,7.96,8,240,1.43
2024-08-28,Maharashtra,Pune,Shirur,Shikrapur,18.7,74.14,Bajra,9.16,12.1,27.33,85.93,1.79,600,7,20.52,6.24,5.5,8,241,2.94
2024-08-29,Maharashtra,Pune,Shirur,Shikrapur,18.7,74.14,Bajra,4.18,9.15,27.95,80.91,3.08,600,7,12.1,18.79,11.92,8,242,4.97
2024-08-30,Maharashtra,Pune,Shirur,Shikrapur,18.7,74.14,Bajra,12.3,14.34,26.42,95.25,4.05,600,7,9.15,20.52,3.73,8,243,2.04
2024-08-31,Maharashtra,Pune,Shirur,Shikrapur,18.7,74.14,Bajra,5.15,8.57,27.06,79.53,2.9,600,7,14.34,12.1,12.71,8,244,3.42
2024-09-01,Maharashtra,Pune,Shirur,Shikrapur,18.7,74.14,Bajra,5.96,6.86,27.78,81.52,1.51,600,7,8.57,9.15,6.24,9,245,0.9
2024-09-02,Maharashtra,Pune,Shirur,Shikrapur,18.7,74.14,Bajra,3.3,5.14,26.7,83.91,0.21,600,7,6.86,14.34,18.79,9,246,1.84
2024-09-03,Maharashtra,Pune,Shirur,Shikrapur,18.7,74.14,Bajra,2.87,5.36,28.07,83.95,1.83,600,7,5.14,8.57,20.52,9,247,2.49
2024-09-04,Maharashtra,Pune,Shirur,Shikrapur,18.7,74.14,Bajra,7.57,6.35,29.0,79.33,2.74,600,7,5.36,6.86,12.1,9,248,-1.22
2024-09-05,Maharashtra,Pune,Shirur,Shikrapur,18.7,74.14,Bajra,6.33,7.54,28.24,77.35,2.35,600,7,6.35,5.14,9.15,9,249,1.21
2024-09-06,Maharashtra,Pune,Shirur,Shikrapur,18.7,74.14,Bajra,2.39,5.45,28.41,77.5,3.02,600,7,7.54,5.36,14.34,9,250,3.06
2024-09-07,Maharashtra,Pune,Shirur,Shikrapur,18.7,74.14,Bajra,4.51,6.2,27.43,78.63,2.74,600,7,5.45,6.35,8.57,9,251,1.69
2024-09-08,Maharashtra,Pune,Shirur,Shikrapur,18.7,74.14,Bajra,5.27,4.17,27.93,79.06,2.64,600,7,6.2,7.54,6.86,9,252,-1.1
2024-09-09,Maharashtra,Pune,Shirur,Shikrapur,18.7,74.14,Bajra,8.18,7.55,28.79,87.22,2.06,600,7,4.17,5.45,5.14,9,253,-0.63
2024-09-10,Maharashtra,Pune,Shirur,Shikrapur,18.7,74.14,Bajra,1.4,1.22,28.22,74.57,3.27,600,7,7.55,6.2,5.36,9,254,-0.18
2024-09-11,Maharashtra,Pune,Shirur,Shikrapur,18.7,74.14,Bajra,2.66,4.01,25.75,78.71,2.26,600,7,1.22,4.17,6.35,9,255,1.35
2024-09-12,Maharashtra,Pune,Shirur,Shikrapur,18.7,74.14,Bajra,8.05,12.57,28.15,90.67,2.36,600,7,4.01,7.55,7.54,9,256,4.52
2024-09-13,Maharashtra,Pune,Shirur,Shikrapur,18.7,74.14,Bajra,9.11,12.74,27.02,80.33,1.5,600,7,12.57,1.22,5.45,9,257,3.63
2024-09-14,Maharashtra,Pune,Shirur,Shikrapur,18.7,74.14,Bajra,3.85,6.8,26.27,72.11,3.5,600,7,12.74,4.01,6.2,9,258,2.95
2024-09-15,Maharashtra,Pune,Shirur,Shikrapur,18.7,74.14,Bajra,8.11,10.3,28.23,87.41,2.52,600,7,6.8,12.57,4.17,9,259,2.19
2024-09-16,Maharashtra,Pune,Shirur,Shikrapur,18.7,74.14,Bajra,9.16,11.43,27.49,85.91,2.09,600,7,10.3,12.74,7.55,9,260,2.27
2024-09-17,Maharashtra,Pune,Shirur,Shikrapur,18.7,74.14,Bajra,3.89,3.99,28.04,76.76,2.23,600,7,11.43,6.8,1.22,9,261,0.1
2024-09-18,Maharashtra,Pune,Shirur,Shikrapur,18.7,74.14,Bajra,2.64,0.6,28.08,76.46,3.38,600,7,3.99,10.3,4.01,9,262,-2.04
2024-09-19,Maharashtra,Pune,Shirur,Shikrapur,18.7,74.14,Bajra,2.11,8.14,27.24,83.49,2.43,600,7,0.6,11.43,12.57,9,263,6.03
2024-09-20,Maharashtra,Pune,Shirur,Shikrapur,18.7,74.14,Bajra,5.0,8.89,26.93,78.06,1.89,600,7,8.14,3.99,12.74,9,264,3.89
2024-09-21,Maharashtra,Pune,Shirur,Shikrapur,18.7,74.14,Bajra,3.69,7.32,28.3,76.53,1.81,600,7,8.89,0.6,6.8,9,265,3.63
2024-09-22,Maharashtra,Pune,Shirur,Shikrapur,18.7,74.14,Bajra,4.36,3.88,27.36,83.27,2.2,600,7,7.32,8.14,10.3,9,266,-0.48
2024-09-23,Maharashtra,Pune,Shirur,Shikrapur,18.7,74.14,Bajra,7.89,8.19,26.62,81.95,3.68,600,7,3.88,8.89,11.43,9,267,0.3
2024-09-24,Maharashtra,Pune,Shirur,Shikrapur,18.7,74.14,Bajra,7.54,9.81,26.74,88.61,2.1,600,7,8.19,7.32,3.99,9,268,2.27
2024-09-25,Maharashtra,Pune,Shirur,Shikrapur,18.7,74.14,Bajra,2.38,4.2,27.11,78.89,3.04,600,7,9.81,3.88,0.6,9,269,1.82
2024-09-26,Maharashtra,Pune,Shirur,Shikrapur,18.7,74.14,Bajra,10.86,14.67,27.11,86.2,2.92,600,7,4.2,8.19,8.14,9,270,3.81
2024-09-27,Maharashtra,Pune,Shirur,Shikrapur,18.7,74.14,Bajra,3.47,5.02,27.16,78.13,3.59,600,7,14.67,9.81,8.89,9,271,1.55
2024-09-28,Maharashtra,Pune,Shirur,Shikrapur,18.7,74.14,Bajra,4.45,7.18,27.25,77.59,2.41,600,7,5.02,4.2,7.32,9,272,2.73
2024-09-29,Maharashtra,Pune,Shirur,Shikrapur,18.7,74.14,Bajra,2.86,3.98,26.93,81.08,2.77,600,7,7.18,14.67,3.88,9,273,1.12
2024-09-30,Maharashtra,Pune,Shirur,Shikrapur,18.7,74.14,Bajra,1.48,3.31,25.12,75.83,3.26,600,7,3.98,5.02,8.19,9,274,1.83
2024-06-01,Maharashtra,Pune,Shirur,Ranjangaon Sandas,18.76,74.32,Bajra,8.82,10.9,23.78,93.09,2.33,590,6,,,,6,153,2.08
2024-06-02,Maharashtra,Pune,Shirur,Ranjangaon Sandas,18.76,74.32,Bajra,2.74,6.14,24.12,76.7,2.8,590,6,10.9,,,6,154,3.4
2024-06-03,Maharashtra,Pune,Shirur,Ranjangaon Sandas,18.76,74.32,Bajra,1.37,3.34,23.74,84.11,2.54,590,6,6.14,,,6,155,1.97
2024-06-04,Maharashtra,Pune,Shirur,Ranjangaon Sandas,18.76,74.32,Bajra,0.98,0.0,24.06,81.24,4.19,590,6,3.34,10.9,,6,156,-0.98
2024-06-05,Maharashtra,Pune,Shirur,Ranjangaon Sandas,18.76,74.32,Bajra,5.31,6.52,24.2,90.61,2.25,590,6,0.0,6.14,,6,157,1.21
2024-06-06,Maharashtra,Pune,Shirur,Ranjangaon Sandas,18.76,74.32,Bajra,13.77,12.36,24.45,89.85,2.34,590,6,6.52,3.34,,6,158,-1.41
2024-06-07,Maharashtra,Pune,Shirur,Ranjangaon Sandas,18.76,74.32,Bajra,2.79,5.63,24.21,80.26,2.89,590,6,12.36,0.0,,6,159,2.84
2024-06-08,Maharashtra,Pune,Shirur,Ranjangaon Sandas,18.76,74.32,Bajra,3.02,3.0,25.09,81.67,2.66,590,6,5.63,6.52,10.9,6,160,-0.02
2024-06-09,Maharashtra,Pune,Shirur,Ranjangaon Sandas,18.76,74.32,Bajra,5.13,9.08,25.11,77.47,1.92,590,6,3.0,12.36,6.14,6,161,3.95
2024-06-10,Maharashtra,Pune,Shirur,Ranjangaon Sandas,18.76,74.32,Bajra,2.53,3.65,24.46,74.29,1.08,590,6,9.08,5.63,3.34,6,162,1.12
2024-06-11,Maharashtra,Pune,Shirur,Ranjangaon Sandas,18.76,74.32,Bajra,2.55,2.62,24.88,73.71,2.7,590,6,3.65,3.0,0.0,6,163,0.07
2024-06-12,Maharashtra,Pune,Shirur,Ranjangaon Sandas,18.76,74.32,Bajra,6.26,7.46,25.58,80.66,1.77,590,6,2.62,9.08,6.52,6,164,1.2
2024-06-13,Maharashtra,Pune,Shirur,Ranjangaon Sandas,18.76,74.32,Bajra,8.95,12.23,25.9,78.83,3.48,590,6,7.46,3.65,12.36,6,165,3.28
2024-06-14,Maharashtra,Pune,Shirur,Ranjangaon Sandas,18.76,74.32,Bajra,4.9,7.75,25.34,80.78,2.69,590,6,12.23,2.62,5.63,6,166,2.85
2024-06-15,Maharashtra,Pune,Shirur,Ranjangaon Sandas,18.76,74.32,Bajra,2.54,1.44,24.97,87.23,1.9,590,6,7.75,7.46,3.0,6,167,-1.1
2024-06-16,Maharashtra,Pune,Shirur,Ranjangaon Sandas,18.76,74.32,Bajra,2.8,5.55,24.89,78.62,3.08,590,6,1.44,12.23,9.08,6,168,2.75
2024-06-17,Maharashtra,Pune,Shirur,Ranjangaon Sandas,18.76,74.32,Bajra,1.69,5.41,26.19,78.59,4.99,590,6,5.55,7.75,3.65,6,169,3.72
2024-06-18,Maharashtra,Pune,Shirur,Ranjangaon Sandas,18.76,74.32,Bajra,8.9,9.22,25.43,92.39,3.77,590,6,5.41,1.44,2.62,6,170,0.32
2024-06-19,Maharashtra,Pune,Shirur,Ranjangaon Sandas,18.76,74.32,Bajra,12.13,11.69,25.89,85.59,1.21,590,6,9.22,5.55,7.46,6,171,-0.44
2024-06-20,Maharashtra,Pune,Shirur,Ranjangaon Sandas,18.76,74.32,Bajra,4.79,8.67,25.95,83.87,1.61,590,6,11.69,5.41,12.23,6,172,3.88
2024-06-21,Maharashtra,Pune,Shirur,Ranjangaon Sandas,18.76,74.32,Bajra,3.51,1.58,26.17,77.21,3.1,590,6,8.67,9.22,7.75,6,173,-1.93
2024-06-22,Maharashtra,Pune,Shirur,Ranjangaon Sandas,18.76,74.32,Bajra,9.92,13.18,25.23,80.52,2.5,590,6,1.58,11.69,1.44,6,174,3.26
2024-06-23,Maharashtra,Pune,Shirur,Ranjangaon Sandas,18.76,74.32,Bajra,2.46,8.48,24.68,80.48,1.6,590,6,13.18,8.67,5.55,6,175,6.02
2024-06-24,Maharashtra,Pune,Shirur,Ranjangaon Sandas,18.76,74.32,Bajra,8.86,11.7,25.13,83.57,3.14,590,6,8.48,1.58,5.41,6,176,2.84
2024-06-25,Maharashtra,Pune,Shirur,Ranjangaon Sandas,18.76,74.32,Bajra,16.17,16.45,26.08,99.0,2.48,590,6,11.7,13.18,9.22,6,177,0.28
2024-06-26,Maharashtra,Pune,Shirur,Ranjangaon Sandas,18.76,74.32,Bajra,13.5,15.49,26.32,93.79,1.79,590,6,16.45,8.48,11.69,6,178,1.99
2024-06-27,Maharashtra,Pune,Shirur,Ranjangaon Sandas,18.76,74.32,Bajra,1.73,6.19,27.0,85.3,2.51,590,6,15.49,11.7,8.67,6,179,4.46
2024-06-28,Maharashtra,Pune,Shirur,Ranjangaon Sandas,18.76,74.32,Bajra,3.18,6.68,25.3,75.68,2.79,590,6,6.19,16.45,1.58,6,180,3.5
2024-06-29,Maharashtra,Pune,Shirur,Ranjangaon Sandas,18.76,74.32,Bajra,3.72,7.94,26.56,85.78,0.85,590,6,6.68,15.49,13.18,6,181,4.22
2024-06-30,Maharashtra,Pune,Shirur,Ranjangaon Sandas,18.76,74.32,Bajra,5.7,4.72,25.62,79.48,2.42,590,6,7.94,6.19,8.48,6,182,-0.98
2024-07-01,Maharashtra,Pune,Shirur,Ranjangaon Sandas,18.76,74.32,Bajra,16.22,16.67,26.5,97.7,2.71,590,6,4.72,6.68,11.7,7,183,0.45
2024-07-02,Maharashtra,Pune,Shirur,Ranjangaon Sandas,18.76,74.32,Bajra,6.67,12.12,26.95,79.76,3.04,590,6,16.67,7.94,16.45,7,184,5.45
2024-07-03,Maharashtra,Pune,Shirur,Ranjangaon Sandas,18.76,74.32,Bajra,10.05,14.39,26.35,88.86,2.5,590,6,12.12,4.72,15.49,7,185,4.34
2024-07-04,Maharashtra,Pune,Shirur,Ranjangaon Sandas,18.76,74.32,Bajra,0.2,0.94,25.44,81.98,2.8,590,6,14.39,16.67,6.19,7,186,0.74
2024-07-05,Maharashtra,Pune,Shirur,Ranjangaon Sandas,18.76,74.32,Bajra,4.7,7.37,27.01,78.33,2.4,590,6,0.94,12.12,6.68,7,187,2.67
2024-07-06,Maharashtra,Pune,Shirur,Ranjangaon Sandas,18.76,74.32,Bajra,10.29,12.25,26.06,87.81,2.0,590,6,7.37,14.39,7.94,7,188,1.96
2024-07-07,Maharashtra,Pune,Shirur,Ranjangaon Sandas,18.76,74.32,Bajra,5.67,7.09,26.61,90.78,1.96,590,6,12.25,0.94,4.72,7,189,1.42
2024-07-08,Maharashtra,Pune,Shirur,Ranjangaon Sandas,18.76,74.32,Bajra,20.09,25.73,26.97,99.0,2.35,590,6,7.09,7.37,16.67,7,190,5.64
2024-07-09,Maharashtra,Pune,Shirur,Ranjangaon Sandas,18.76,74.32,Bajra,2.6,6.47,26.48,77.85,2.2,590,6,25.73,12.25,12.12,7,191,3.87
2024-07-10,Maharashtra,Pune,Shirur,Ranjangaon Sandas,18.76,74.32,Bajra,11.91,12.65,26.07,91.81,3.62,590,6,6.47,7.09,14.39,7,192,0.74
2024-07-11,Maharashtra,Pune,Shirur,Ranjangaon Sandas,18.76,74.32,Bajra,13.47,15.02,25.92,91.1,3.68,590,6,12.65,25.73,0.94,7,193,1.55
2024-07-12,Maharashtra,Pune,Shirur,Ranjangaon Sandas,18.76,74.32,Bajra,0.84,1.64,26.04,78.16,2.9,590,6,15.02,6.47,7.37,7,194,0.8
2024-07-13,Maharashtra,Pune,Shirur,Ranjangaon Sandas,18.76,74.32,Bajra,7.99,11.23,27.48,78.54,3.35,590,6,1.64,12.65,12.25,7,195,3.24
2024-07-14,Maharashtra,Pune,Shirur,Ranjangaon Sandas,18.76,74.32,Bajra,3.96,3.39,26.71,81.7,3.32,590,6,11.23,15.02,7.09,7,196,-0.57
2024-07-15,Maharashtra,Pune,Shirur,Ranjangaon Sandas,18.76,74.32,Bajra,0.64,0.55,27.1,79.88,3.43,590,6,3.39,1.64,25.73,7,197,-0.09
2024-07-16,Maharashtra,Pune,Shirur,Ranjangaon Sandas,18.76,74.32,Bajra,3.16,7.96,25.63,82.24,3.17,590,6,0.55,11.23,6.47,7,198,4.8
2024-07-17,Maharashtra,Pune,Shirur,Ranjangaon Sandas,18.76,74.32,Bajra,4.35,8.31,25.98,80.5,2.37,590,6,7.96,3.39,12.65,7,199,3.96
2024-07-18,Maharashtra,Pune,Shirur,Ranjangaon Sandas,18.76,74.32,Bajra,10.65,11.36,26.93,92.81,4.23,590,6,8.31,0.55,15.02,7,200,0.71
2024-07-19,Maharashtra,Pune,Shirur,Ranjangaon Sandas,18.76,74.32,Bajra,0.78,0.68,27.61,73.18,1.86,590,6,11.36,7.96,1.64,7,201,-0.1
2024-07-20,Maharashtra,Pune,Shirur,Ranjangaon Sandas,18.76,74.32,Bajra,3.1,5.83,27.27,79.7,1.34,590,6,0.68,8.31,11.23,7,202,2.73
2024-07-21,Maharashtra,Pune,Shirur,Ranjangaon Sandas,18.76,74.32,Bajra,11.14,15.53,26.48,82.95,2.37,590,6,5.83,11.36,3.39,7,203,4.39
2024-07-22,Maharashtra,Pune,Shirur,Ranjangaon Sandas,18.76,74.32,Bajra,17.06,18.74,26.4,99.0,1.58,590,6,15.53,0.68,0.55,7,204,1.68
2024-07-23,Maharashtra,Pune,Shirur,Ranjangaon Sandas,18.76,74.32,Bajra,2.72,1.08,27.94,81.76,3.12,590,6,18.74,5.83,7.96,7,205,-1.64
2024-07-24,Maharashtra,Pune,Shirur,Ranjangaon Sandas,18.76,74.32,Bajra,10.05,10.0,26.98,84.16,2.79,590,6,1.08,15.53,8.31,7,206,-0.05
2024-07-25,Maharashtra,Pune,Shirur,Ranjangaon Sandas,18.76,74.32,Bajra,12.38,15.2,27.76,89.67,2.02,590,6,10.0,18.74,11.36,7,207,2.82
2024-07-26,Maharashtra,Pune,Shirur,Ranjangaon Sandas,18.76,74.32,Bajra,9.58,12.19,26.4,83.97,2.91,590,6,15.2,1.08,0.68,7,208,2.61
2024-07-27,Maharashtra,Pune,Shirur,Ranjangaon Sandas,18.76,74.32,Bajra,13.44,16.86,26.8,92.19,3.53,590,6,12.19,10.0,5.83,7,209,3.42
2024-07-28,Maharashtra,Pune,Shirur,Ranjangaon Sandas,18.76,74.32,Bajra,12.79,18.68,26.72,87.4,1.82,590,6,16.86,15.2,15.53,7,210,5.89
2024-07-29,Maharashtra,Pune,Shirur,Ranjangaon Sandas,18.76,74.32,Bajra,4.99,6.65,26.86,85.12,2.68,590,6,18.68,12.19,18.74,7,211,1.66
2024-07-30,Maharashtra,Pune,Shirur,Ranjangaon Sandas,18.76,74.32,Bajra,3.41,6.94,26.73,78.13,0.62,590,6,6.65,16.86,1.08,7,212,3.53
2024-07-31,Maharashtra,Pune,Shirur,Ranjangaon Sandas,18.76,74.32,Bajra,1.79,4.02,26.63,76.1,1.42,590,6,6.94,18.68,10.0,7,213,2.23
2024-08-01,Maharashtra,Pune,Shirur,Ranjangaon Sandas,18.76,74.32,Bajra,7.82,10.7,27.33,79.22,1.9,590,6,4.02,6.65,15.2,8,214,2.88
2024-08-02,Maharashtra,Pune,Shirur,Ranjangaon Sandas,18.76,74.32,Bajra,4.4,6.63,28.35,84.53,1.61,590,6,10.7,6.94,12.19,8,215,2.23
2024-08-03,Maharashtra,Pune,Shirur,Ranjangaon Sandas,18.76,74.32,Bajra,12.05,12.51,27.97,89.82,1.27,590,6,6.63,4.02,16.86,8,216,0.46
2024-08-04,Maharashtra,Pune,Shirur,Ranjangaon Sandas,18.76,74.32,Bajra,9.94,11.56,27.38,85.05,2.89,590,6,12.51,10.7,18.68,8,217,1.62
2024-08-05,Maharashtra,Pune,Shirur,Ranjangaon Sandas,18.76,74.32,Bajra,6.25,9.04,26.62,79.92,0.63,590,6,11.56,6.63,6.65,8,218,2.79
2024-08-06,Maharashtra,Pune,Shirur,Ranjangaon Sandas,18.76,74.32,Bajra,10.66,13.0,27.71,91.2,1.44,590,6,9.04,12.51,6.94,8,219,2.34
2024-08-07,Maharashtra,Pune,Shirur,Ranjangaon Sandas,18.76,74.32,Bajra,5.99,11.49,28.16,84.54,1.6,590,6,13.0,11.56,4.02,8,220,5.5
2024-08-08,Maharashtra,Pune,Shirur,Ranjangaon Sandas,18.76,74.32,Bajra,11.81,15.01,27.05,89.48,2.53,590,6,11.49,9.04,10.7,8,221,3.2
2024-08-09,Maharashtra,Pune,Shirur,Ranjangaon Sandas,18.76,74.32,Bajra,7.86,8.78,26.57,91.93,4.39,590,6,15.01,13.0,6.63,8,222,0.92
2024-08-10,Maharashtra,Pune,Shirur,Ranjangaon Sandas,18.76,74.32,Bajra,9.27,9.79,27.89,92.48,1.43,590,6,8.78,11.49,12.51,8,223,0.52
2024-08-11,Maharashtra,Pune,Shirur,Ranjangaon Sandas,18.76,74.32,Bajra,5.41,9.21,27.31,76.23,2.9,590,6,9.79,15.01,11.56,8,224,3.8
2024-08-12,Maharashtra,Pune,Shirur,Ranjangaon Sandas,18.76,74.32,Bajra,15.32,18.2,27.24,91.0,3.22,590,6,9.21,8.78,9.04,8,225,2.88
2024-08-13,Maharashtra,Pune,Shirur,Ranjangaon Sandas,18.76,74.32,Bajra,8.52,13.6,26.85,84.01,2.53,590,6,18.2,9.79,13.0,8,226,5.08
2024-08-14,Maharashtra,Pune,Shirur,Ranjangaon Sandas,18.76,74.32,Bajra,3.24,4.94,26.9,80.15,2.54,590,6,13.6,9.21,11.49,8,227,1.7
2024-08-15,Maharashtra,Pune,Shirur,Ranjangaon Sandas,18.76,74.32,Bajra,12.89,15.89,27.84,90.72,1.83,590,6,4.94,18.2,15.01,8,228,3.0
2024-08-16,Maharashtra,Pune,Shirur,Ranjangaon Sandas,18.76,74.32,Bajra,7.55,13.01,28.57,87.59,2.7,590,6,15.89,13.6,8.78,8,229,5.46
2024-08-17,Maharashtra,Pune,Shirur,Ranjangaon Sandas,18.76,74.32,Bajra,5.24,6.88,27.71,83.2,2.78,590,6,13.01,4.94,9.79,8,230,1.64
2024-08-18,Maharashtra,Pune,Shirur,Ranjangaon Sandas,18.76,74.32,Bajra,12.33,13.04,28.66,93.88,2.09,590,6,6.88,15.89,9.21,8,231,0.71
2024-08-19,Maharashtra,Pune,Shirur,Ranjangaon Sandas,18.76,74.32,Bajra,5.02,7.16,27.99,92.16,2.55,590,6,13.04,13.01,18.2,8,232,2.14
2024-08-20,Maharashtra,Pune,Shirur,Ranjangaon Sandas,18.76,74.32,Bajra,9.86,10.96,28.53,89.44,0.2,590,6,7.16,6.88,13.6,8,233,1.1
2024-08-21,Maharashtra,Pune,Shirur,Ranjangaon Sandas,18.76,74.32,Bajra,9.82,7.91,28.74,76.7,3.15,590,6,10.96,13.04,4.94,8,234,-1.91
2024-08-22,Maharashtra,Pune,Shirur,Ranjangaon Sandas,18.76,74.32,Bajra,5.33,8.3,28.49,83.85,2.87,590,6,7.91,7.16,15.89,8,235,2.97
2024-08-23,Maharashtra,Pune,Shirur,Ranjangaon Sandas,18.76,74.32,Bajra,3.46,6.92,28.91,84.67,0.81,590,6,8.3,10.96,13.01,8,236,3.46
2024-08-24,Maharashtra,Pune,Shirur,Ranjangaon Sandas,18.76,74.32,Bajra,0.7,0.0,27.72,78.41,1.26,590,6,6.92,7.91,6.88,8,237,-0.7
2024-08-25,Maharashtra,Pune,Shirur,Ranjangaon Sandas,18.76,74.32,Bajra,10.13,11.1,27.58,80.35,2.13,590,6,0.0,8.3,13.04,8,238,0.97
2024-08-26,Maharashtra,Pune,Shirur,Ranjangaon Sandas,18.76,74.32,Bajra,5.14,7.98,27.87,81.12,2.63,590,6,11.1,6.92,7.16,8,239,2.84
2024-08-27,Maharashtra,Pune,Shirur,Ranjangaon Sandas,18.76,74.32,Bajra,11.68,14.39,27.57,87.43,2.82,590,6,7.98,0.0,10.96,8,240,2.71
2024-08-28,Maharashtra,Pune,Shirur,Ranjangaon Sandas,18.76,74.32,Bajra,2.75,4.88,27.49,77.99,1.99,590,6,14.39,11.1,7.91,8,241,2.13
2024-08-29,Maharashtra,Pune,Shirur,Ranjangaon Sandas,18.76,74.32,Bajra,0.51,3.04,28.29,74.48,3.92,590,6,4.88,7.98,8.3,8,242,2.53
2024-08-30,Maharashtra,Pune,Shirur,Ranjangaon Sandas,18.76,74.32,Bajra,3.27,3.36,26.48,86.05,3.5,590,6,3.04,14.39,6.92,8,243,0.09
2024-08-31,Maharashtra,Pune,Shirur,Ranjangaon Sandas,18.76,74.32,Bajra,8.12,13.82,27.45,84.67,3.55,590,6,3.36,4.88,0.0,8,244,5.7
2024-09-01,Maharashtra,Pune,Shirur,Ranjangaon Sandas,18.76,74.32,Bajra,8.39,10.96,27.41,83.62,0.92,590,6,13.82,3.04,11.1,9,245,2.57
2024-09-02,Maharashtra,Pune,Shirur,Ranjangaon Sandas,18.76,74.32,Bajra,3.5,6.77,27.7,76.21,2.58,590,6,10.96,3.36,7.98,9,246,3.27
2024-09-03,Maharashtra,Pune,Shirur,Ranjangaon Sandas,18.76,74.32,Bajra,10.68,13.08,27.12,92.28,0.2,590,6,6.77,13.82,14.39,9,247,2.4
2024-09-04,Maharashtra,Pune,Shirur,Ranjangaon Sandas,18.76,74.32,Bajra,6.39,5.44,27.5,83.63,2.03,590,6,13.08,10.96,4.88,9,248,-0.95
2024-09-05,Maharashtra,Pune,Shirur,Ranjangaon Sandas,18.76,74.32,Bajra,10.54,12.92,28.22,88.72,4.94,590,6,5.44,6.77,3.04,9,249,2.38
2024-09-06,Maharashtra,Pune,Shirur,Ranjangaon Sandas,18.76,74.32,Bajra,5.04,3.69,27.27,86.64,1.33,590,6,12.92,13.08,3.36,9,250,-1.35
2024-09-07,Maharashtra,Pune,Shirur,Ranjangaon Sandas,18.76,74.32,Bajra,0.12,4.94,27.67,74.8,0.91,590,6,3.69,5.44,13.82,9,251,4.82
2024-09-08,Maharashtra,Pune,Shirur,Ranjangaon Sandas,18.76,74.32,Bajra,6.37,4.88,28.43,86.71,3.31,590,6,4.94,12.92,10.96,9,252,-1.49
2024-09-09,Maharashtra,Pune,Shirur,Ranjangaon Sandas,18.76,74.32,Bajra,6.99,10.11,28.23,77.11,1.2,590,6,4.88,3.69,6.77,9,253,3.12
2024-09-10,Maharashtra,Pune,Shirur,Ranjangaon Sandas,18.76,74.32,Bajra,1.82,4.67,27.83,82.65,3.32,590,6,10.11,4.94,13.08,9,254,2.85
2024-09-11,Maharashtra,Pune,Shirur,Ranjangaon Sandas,18.76,74.32,Bajra,1.5,1.87,27.46,79.08,0.2,590,6,4.67,4.88,5.44,9,255,0.37
2024-09-12,Maharashtra,Pune,Shirur,Ranjangaon Sandas,18.76,74.32,Bajra,22.29,23.18,28.92,99.0,2.51,590,6,1.87,10.11,12.92,9,256,0.89
2024-09-13,Maharashtra,Pune,Shirur,Ranjangaon Sandas,18.76,74.32,Bajra,2.33,4.2,27.66,83.61,2.87,590,6,23.18,4.67,3.69,9,257,1.87
2024-09-14,Maharashtra,Pune,Shirur,Ranjangaon Sandas,18.76,74.32,Bajra,3.63,10.78,27.76,80.83,2.54,590,6,4.2,1.87,4.94,9,258,7.15
2024-09-15,Maharashtra,Pune,Shirur,Ranjangaon Sandas,18.76,74.32,Bajra,10.84,12.36,26.44,84.28,1.99,590,6,10.78,23.18,4.88,9,259,1.52
2024-09-16,Maharashtra,Pune,Shirur,Ranjangaon Sandas,18.76,74.32,Bajra,3.5,6.65,26.86,77.29,3.5,590,6,12.36,4.2,10.11,9,260,3.15
2024-09-17,Maharashtra,Pune,Shirur,Ranjangaon Sandas,18.76,74.32,Bajra,9.2,10.39,28.27,83.07,2.71,590,6,6.65,10.78,4.67,9,261,1.19
2024-09-18,Maharashtra,Pune,Shirur,Ranjangaon Sandas,18.76,74.32,Bajra,18.55,19.08,27.75,96.38,1.28,590,6,10.39,12.36,1.87,9,262,0.53
2024-09-19,Maharashtra,Pune,Shirur,Ranjangaon Sandas,18.76,74.32,Bajra,6.44,7.9,27.17,79.89,2.28,590,6,19.08,6.65,23.18,9,263,1.46
2024-09-20,Maharashtra,Pune,Shirur,Ranjangaon Sandas,18.76,74.32,Bajra,1.88,7.74,27.74,80.54,3.11,590,6,7.9,10.39,4.2,9,264,5.86
2024-09-21,Maharashtra,Pune,Shirur,Ranjangaon Sandas,18.76,74.32,Bajra,6.54,9.16,27.2,85.61,2.67,590,6,7.74,19.08,10.78,9,265,2.62
2024-09-22,Maharashtra,Pune,Shirur,Ranjangaon Sandas,18.76,74.32,Bajra,2.22,4.58,27.22,71.1,2.81,590,6,9.16,7.9,12.36,9,266,2.36
2024-09-23,Maharashtra,Pune,Shirur,Ranjangaon Sandas,18.76,74.32,Bajra,7.28,8.57,26.96,80.3,2.57,590,6,4.58,7.74,6.65,9,267,1.29
2024-09-24,Maharashtra,Pune,Shirur,Ranjangaon Sandas,18.76,74.32,Bajra,3.82,5.54,25.92,84.29,1.78,590,6,8.57,9.16,10.39,9,268,1.72
2024-09-25,Maharashtra,Pune,Shirur,Ranjangaon Sandas,18.76,74.32,Bajra,2.99,3.9,27.08,79.54,2.78,590,6,5.54,4.58,19.08,9,269,0.91
2024-09-26,Maharashtra,Pune,Shirur,Ranjangaon Sandas,18.76,74.32,Bajra,9.5,13.5,28.26,89.68,2.37,590,6,3.9,8.57,7.9,9,270,4.0
2024-09-27,Maharashtra,Pune,Shirur,Ranjangaon Sandas,18.76,74.32,Bajra,6.89,10.26,26.2,80.9,2.18,590,6,13.5,5.54,7.74,9,271,3.37
2024-09-28,Maharashtra,Pune,Shirur,Ranjangaon Sandas,18.76,74.32,Bajra,5.67,10.01,28.11,87.6,3.36,590,6,10.26,3.9,9.16,9,272,4.34
2024-09-29,Maharashtra,Pune,Shirur,Ranjangaon Sandas,18.76,74.32,Bajra,0.83,1.97,27.49,74.57,1.08,590,6,10.01,13.5,4.58,9,273,1.14
2024-09-30,Maharashtra,Pune,Shirur,Ranjangaon Sandas,18.76,74.32,Bajra,2.06,5.05,28.54,79.18,4.36,590,6,1.97,10.26,8.57,9,274,2.99
2024-06-01,Maharashtra,Pune,Shirur,Karegaon,18.79,74.28,Onion,3.02,2.68,25.47,77.61,1.88,610,7,,,,6,153,-0.34
2024-06-02,Maharashtra,Pune,Shirur,Karegaon,18.79,74.28,Onion,7.4,11.89,24.48,84.68,2.35,610,7,2.68,,,6,154,4.49
2024-06-03,Maharashtra,Pune,Shirur,Karegaon,18.79,74.28,Onion,5.28,8.24,26.16,85.93,2.21,610,7,11.89,,,6,155,2.96
2024-06-04,Maharashtra,Pune,Shirur,Karegaon,18.79,74.28,Onion,5.61,11.83,25.66,82.83,2.23,610,7,8.24,2.68,,6,156,6.22
2024-06-05,Maharashtra,Pune,Shirur,Karegaon,18.79,74.28,Onion,4.71,7.8,25.19,81.85,2.14,610,7,11.83,11.89,,6,157,3.09
2024-06-06,Maharashtra,Pune,Shirur,Karegaon,18.79,74.28,Onion,2.46,8.12,24.75,79.16,1.71,610,7,7.8,8.24,,6,158,5.66
2024-06-07,Maharashtra,Pune,Shirur,Karegaon,18.79,74.28,Onion,5.52,10.99,25.11,84.92,2.28,610,7,8.12,11.83,,6,159,5.47
2024-06-08,Maharashtra,Pune,Shirur,Karegaon,18.79,74.28,Onion,4.85,7.19,25.11,83.63,2.16,610,7,10.99,7.8,2.68,6,160,2.34
2024-06-09,Maharashtra,Pune,Shirur,Karegaon,18.79,74.28,Onion,2.42,10.07,24.22,73.87,1.63,610,7,7.19,8.12,11.89,6,161,7.65
2024-06-10,Maharashtra,Pune,Shirur,Karegaon,18.79,74.28,Onion,2.85,6.26,25.23,81.54,1.85,610,7,10.07,10.99,8.24,6,162,3.41
2024-06-11,Maharashtra,Pune,Shirur,Karegaon,18.79,74.28,Onion,2.52,1.58,24.35,74.54,3.01,610,7,6.26,7.19,11.83,6,163,-0.94
2024-06-12,Maharashtra,Pune,Shirur,Karegaon,18.79,74.28,Onion,4.14,2.68,24.17,83.62,0.2,610,7,1.58,10.07,7.8,6,164,-1.46
2024-06-13,Maharashtra,Pune,Shirur,Karegaon,18.79,74.28,Onion,9.13,13.04,24.63,91.15,4.97,610,7,2.68,6.26,8.12,6,165,3.91
2024-06-14,Maharashtra,Pune,Shirur,Karegaon,18.79,74.28,Onion,0.25,2.06,25.4,72.65,3.02,610,7,13.04,1.58,10.99,6,166,1.81
2024-06-15,Maharashtra,Pune,Shirur,Karegaon,18.79,74.28,Onion,0.53,1.93,24.37,83.01,2.35,610,7,2.06,2.68,7.19,6,167,1.4
2024-06-16,Maharashtra,Pune,Shirur,Karegaon,18.79,74.28,Onion,15.02,15.65,25.34,94.51,3.62,610,7,1.93,13.04,10.07,6,168,0.63
2024-06-17,Maharashtra,Pune,Shirur,Karegaon,18.79,74.28,Onion,5.39,7.22,25.42,87.69,2.4,610,7,15.65,2.06,6.26,6,169,1.83
2024-06-18,Maharashtra,Pune,Shirur,Karegaon,18.79,74.28,Onion,2.45,3.57,24.52,75.94,3.6,610,7,7.22,1.93,1.58,6,170,1.12
2024-06-19,Maharashtra,Pune,Shirur,Karegaon,18.79,74.28,Onion,3.06,0.33,25.95,79.03,2.01,610,7,3.57,15.65,2.68,6,171,-2.73
2024-06-20,Maharashtra,Pune,Shirur,Karegaon,18.79,74.28,Onion,4.54,2.52,26.24,82.42,2.15,610,7,0.33,7.22,13.04,6,172,-2.02
2024-06-21,Maharashtra,Pune,Shirur,Karegaon,18.79,74.28,Onion,1.27,3.94,26.78,78.34,1.29,610,7,2.52,3.57,2.06,6,173,2.67
2024-06-22,Maharashtra,Pune,Shirur,Karegaon,18.79,74.28,Onion,4.89,8.85,26.12,69.93,2.84,610,7,3.94,0.33,1.93,6,174,3.96
2024-06-23,Maharashtra,Pune,Shirur,Karegaon,18.79,74.28,Onion,1.25,3.09,26.03,70.93,2.96,610,7,8.85,2.52,15.65,6,175,1.84
2024-06-24,Maharashtra,Pune,Shirur,Karegaon,18.79,74.28,Onion,7.94,8.43,25.11,89.63,1.19,610,7,3.09,3.94,7.22,6,176,0.49
2024-06-25,Maharashtra,Pune,Shirur,Karegaon,18.79,74.28,Onion,10.1,12.14,24.65,87.54,2.89,610,7,8.43,8.85,3.57,6,177,2.04
2024-06-26,Maharashtra,Pune,Shirur,Karegaon,18.79,74.28,Onion,0.78,3.18,25.44,80.35,0.64,610,7,12.14,3.09,0.33,6,178,2.4
2024-06-27,Maharashtra,Pune,Shirur,Karegaon,18.79,74.28,Onion,5.91,11.02,26.21,81.89,1.89,610,7,3.18,8.43,2.52,6,179,5.11
2024-06-28,Maharashtra,Pune,Shirur,Karegaon,18.79,74.28,Onion,3.21,3.82,26.52,88.38,2.35,610,7,11.02,12.14,3.94,6,180,0.61
2024-06-29,Maharashtra,Pune,Shirur,Karegaon,18.79,74.28,Onion,0.8,4.58,25.99,80.47,1.97,610,7,3.82,3.18,8.85,6,181,3.78
2024-06-30,Maharashtra,Pune,Shirur,Karegaon,18.79,74.28,Onion,9.18,9.94,25.8,82.23,3.99,610,7,4.58,11.02,3.09,6,182,0.76
2024-07-01,Maharashtra,Pune,Shirur,Karegaon,18.79,74.28,Onion,4.16,7.62,26.58,78.84,1.56,610,7,9.94,3.82,8.43,7,183,3.46
2024-07-02,Maharashtra,Pune,Shirur,Karegaon,18.79,74.28,Onion,3.66,4.85,25.56,81.02,2.8,610,7,7.62,4.58,12.14,7,184,1.19
2024-07-03,Maharashtra,Pune,Shirur,Karegaon,18.79,74.28,Onion,16.86,20.37,26.72,91.61,1.63,610,7,4.85,9.94,3.18,7,185,3.51
2024-07-04,Maharashtra,Pune,Shirur,Karegaon,18.79,74.28,Onion,1.31,5.13,26.47,77.89,0.33,610,7,20.37,7.62,11.02,7,186,3.82
2024-07-05,Maharashtra,Pune,Shirur,Karegaon,18.79,74.28,Onion,22.27,28.6,25.3,99.0,0.64,610,7,5.13,4.85,3.82,7,187,6.33
2024-07-06,Maharashtra,Pune,Shirur,Karegaon,18.79,74.28,Onion,6.83,6.91,25.4,87.31,2.97,610,7,28.6,20.37,4.58,7,188,0.08
2024-07-07,Maharashtra,Pune,Shirur,Karegaon,18.79,74.28,Onion,19.79,22.46,25.5,98.41,1.98,610,7,6.91,5.13,9.94,7,189,2.67
2024-07-08,Maharashtra,Pune,Shirur,Karegaon,18.79,74.28,Onion,7.66,11.87,25.86,89.19,2.36,610,7,22.46,28.6,7.62,7,190,4.21
2024-07-09,Maharashtra,Pune,Shirur,Karegaon,18.79,74.28,Onion,3.66,4.77,27.71,81.63,2.54,610,7,11.87,6.91,4.85,7,191,1.11
2024-07-10,Maharashtra,Pune,Shirur,Karegaon,18.79,74.28,Onion,3.97,8.8,26.03,79.67,2.23,610,7,4.77,22.46,20.37,7,192,4.83
2024-07-11,Maharashtra,Pune,Shirur,Karegaon,18.79,74.28,Onion,6.02,9.12,27.59,77.97,1.5,610,7,8.8,11.87,5.13,7,193,3.1
2024-07-12,Maharashtra,Pune,Shirur,Karegaon,18.79,74.28,Onion,3.19,9.41,27.32,83.61,2.19,610,7,9.12,4.77,28.6,7,194,6.22
2024-07-13,Maharashtra,Pune,Shirur,Karegaon,18.79,74.28,Onion,4.02,7.81,27.0,85.97,2.23,610,7,9.41,8.8,6.91,7,195,3.79
2024-07-14,Maharashtra,Pune,Shirur,Karegaon,18.79,74.28,Onion,4.73,8.74,25.67,84.62,2.38,610,7,7.81,9.12,22.46,7,196,4.01
2024-07-15,Maharashtra,Pune,Shirur,Karegaon,18.79,74.28,Onion,1.57,3.52,27.76,84.59,2.68,610,7,8.74,9.41,11.87,7,197,1.95
2024-07-16,Maharashtra,Pune,Shirur,Karegaon,18.79,74.28,Onion,24.3,28.43,26.47,99.0,1.86,610,7,3.52,7.81,4.77,7,198,4.13
2024-07-17,Maharashtra,Pune,Shirur,Karegaon,18.79,74.28,Onion,0.21,1.15,26.26,71.53,2.24,610,7,28.43,8.74,8.8,7,199,0.94
2024-07-18,Maharashtra,Pune,Shirur,Karegaon,18.79,74.28,Onion,22.07,20.97,26.61,98.35,3.19,610,7,1.15,3.52,9.12,7,200,-1.1
2024-07-19,Maharashtra,Pune,Shirur,Karegaon,18.79,74.28,Onion,7.54,9.91,26.56,91.5,2.84,610,7,20.97,28.43,9.41,7,201,2.37
2024-07-20,Maharashtra,Pune,Shirur,Karegaon,18.79,74.28,Onion,10.52,12.61,28.39,93.92,0.92,610,7,9.91,1.15,7.81,7,202,2.09
2024-07-21,Maharashtra,Pune,Shirur,Karegaon,18.79,74.28,Onion,4.29,9.94,27.14,78.08,2.43,610,7,12.61,20.97,8.74,7,203,5.65
2024-07-22,Maharashtra,Pune,Shirur,Karegaon,18.79,74.28,Onion,6.19,4.54,26.74,87.47,1.24,610,7,9.94,9.91,3.52,7,204,-1.65
2024-07-23,Maharashtra,Pune,Shirur,Karegaon,18.79,74.28,Onion,7.49,13.15,26.88,84.3,3.08,610,7,4.54,12.61,28.43,7,205,5.66
2024-07-24,Maharashtra,Pune,Shirur,Karegaon,18.79,74.28,Onion,1.14,4.43,26.92,75.55,2.29,610,7,13.15,9.94,1.15,7,206,3.29
2024-07-25,Maharashtra,Pune,Shirur,Karegaon,18.79,74.28,Onion,12.78,13.51,27.21,97.3,1.73,610,7,4.43,4.54,20.97,7,207,0.73
2024-07-26,Maharashtra,Pune,Shirur,Karegaon,18.79,74.28,Onion,7.17,9.27,26.0,90.25,1.78,610,7,13.51,13.15,9.91,7,208,2.1
2024-07-27,Maharashtra,Pune,Shirur,Karegaon,18.79,74.28,Onion,14.9,15.87,28.03,97.86,2.57,610,7,9.27,4.43,12.61,7,209,0.97
2024-07-28,Maharashtra,Pune,Shirur,Karegaon,18.79,74.28,Onion,12.34,14.55,26.74,94.42,1.85,610,7,15.87,13.51,9.94,7,210,2.21
2024-07-29,Maharashtra,Pune,Shirur,Karegaon,18.79,74.28,Onion,20.89,23.15,27.77,99.0,2.16,610,7,14.55,9.27,4.54,7,211,2.26
2024-07-30,Maharashtra,Pune,Shirur,Karegaon,18.79,74.28,Onion,6.33,7.23,27.18,83.64,3.09,610,7,23.15,15.87,13.15,7,212,0.9
2024-07-31,Maharashtra,Pune,Shirur,Karegaon,18.79,74.28,Onion,5.97,7.88,27.13,82.48,1.35,610,7,7.23,14.55,4.43,7,213,1.91
2024-08-01,Maharashtra,Pune,Shirur,Karegaon,18.79,74.28,Onion,1.96,6.46,27.3,76.41,3.38,610,7,7.88,23.15,13.51,8,214,4.5
2024-08-02,Maharashtra,Pune,Shirur,Karegaon,18.79,74.28,Onion,22.71,23.23,27.0,99.0,2.59,610,7,6.46,7.23,9.27,8,215,0.52
2024-08-03,Maharashtra,Pune,Shirur,Karegaon,18.79,74.28,Onion,5.07,9.31,26.98,82.97,3.14,610,7,23.23,7.88,15.87,8,216,4.24
2024-08-04,Maharashtra,Pune,Shirur,Karegaon,18.79,74.28,Onion,1.61,1.61,26.71,75.68,2.78,610,7,9.31,6.46,14.55,8,217,0.0
2024-08-05,Maharashtra,Pune,Shirur,Karegaon,18.79,74.28,Onion,4.69,7.02,26.62,83.34,3.31,610,7,1.61,23.23,23.15,8,218,2.33
2024-08-06,Maharashtra,Pune,Shirur,Karegaon,18.79,74.28,Onion,5.97,8.94,26.03,85.31,4.88,610,7,7.02,9.31,7.23,8,219,2.97
2024-08-07,Maharashtra,Pune,Shirur,Karegaon,18.79,74.28,Onion,5.66,9.37,28.62,86.69,0.68,610,7,8.94,1.61,7.88,8,220,3.71
2024-08-08,Maharashtra,Pune,Shirur,Karegaon,18.79,74.28,Onion,10.43,13.9,26.68,89.64,1.38,610,7,9.37,7.02,6.46,8,221,3.47
2024-08-09,Maharashtra,Pune,Shirur,Karegaon,18.79,74.28,Onion,17.07,19.44,26.91,94.3,3.59,610,7,13.9,8.94,23.23,8,222,2.37
2024-08-10,Maharashtra,Pune,Shirur,Karegaon,18.79,74.28,Onion,6.82,6.76,26.22,79.18,2.49,610,7,19.44,9.37,9.31,8,223,-0.06
2024-08-11,Maharashtra,Pune,Shirur,Karegaon,18.79,74.28,Onion,13.95,19.32,27.05,91.79,1.54,610,7,6.76,13.9,1.61,8,224,5.37
2024-08-12,Maharashtra,Pune,Shirur,Karegaon,18.79,74.28,Onion,13.9,12.89,29.04,85.64,2.12,610,7,19.32,19.44,7.02,8,225,-1.01
2024-08-13,Maharashtra,Pune,Shirur,Karegaon,18.79,74.28,Onion,9.9,12.28,27.97,94.92,3.96,610,7,12.89,6.76,8.94,8,226,2.38
2024-08-14,Maharashtra,Pune,Shirur,Karegaon,18.79,74.28,Onion,5.57,5.95,28.28,77.19,2.2,610,7,12.28,19.32,9.37,8,227,0.38
2024-08-15,Maharashtra,Pune,Shirur,Karegaon,18.79,74.28,Onion,6.45,9.23,29.41,83.25,2.05,610,7,5.95,12.89,13.9,8,228,2.78
2024-08-16,Maharashtra,Pune,Shirur,Karegaon,18.79,74.28,Onion,13.53,18.63,27.74,91.24,0.97,610,7,9.23,12.28,19.44,8,229,5.1
2024-08-17,Maharashtra,Pune,Shirur,Karegaon,18.79,74.28,Onion,0.62,3.6,26.68,81.77,2.42,610,7,18.63,5.95,6.76,8,230,2.98
2024-08-18,Maharashtra,Pune,Shirur,Karegaon,18.79,74.28,Onion,4.41,7.88,27.09,77.35,3.35,610,7,3.6,9.23,19.32,8,231,3.47
2024-08-19,Maharashtra,Pune,Shirur,Karegaon,18.79,74.28,Onion,7.72,11.23,27.67,86.8,1.75,610,7,7.88,18.63,12.89,8,232,3.51
2024-08-20,Maharashtra,Pune,Shirur,Karegaon,18.79,74.28,Onion,25.58,30.92,27.54,99.0,2.99,610,7,11.23,3.6,12.28,8,233,5.34
2024-08-21,Maharashtra,Pune,Shirur,Karegaon,18.79,74.28,Onion,14.0,18.38,28.97,91.77,2.43,610,7,30.92,7.88,5.95,8,234,4.38
2024-08-22,Maharashtra,Pune,Shirur,Karegaon,18.79,74.28,Onion,3.09,8.73,26.98,75.93,3.69,610,7,18.38,11.23,9.23,8,235,5.64
2024-08-23,Maharashtra,Pune,Shirur,Karegaon,18.79,74.28,Onion,9.21,10.53,27.78,84.41,2.51,610,7,8.73,30.92,18.63,8,236,1.32
2024-08-24,Maharashtra,Pune,Shirur,Karegaon,18.79,74.28,Onion,7.06,8.5,27.07,87.38,1.46,610,7,10.53,18.38,3.6,8,237,1.44
2024-08-25,Maharashtra,Pune,Shirur,Karegaon,18.79,74.28,Onion,8.19,13.38,26.64,83.68,2.74,610,7,8.5,8.73,7.88,8,238,5.19
2024-08-26,Maharashtra,Pune,Shirur,Karegaon,18.79,74.28,Onion,4.77,7.76,27.69,89.38,2.2,610,7,13.38,10.53,11.23,8,239,2.99
2024-08-27,Maharashtra,Pune,Shirur,Karegaon,18.79,74.28,Onion,13.16,13.33,28.2,96.13,1.63,610,7,7.76,8.5,30.92,8,240,0.17
2024-08-28,Maharashtra,Pune,Shirur,Karegaon,18.79,74.28,Onion,5.09,6.95,28.29,80.37,2.2,610,7,13.33,13.38,18.38,8,241,1.86
2024-08-29,Maharashtra,Pune,Shirur,Karegaon,18.79,74.28,Onion,1.26,7.0,27.75,73.5,2.15,610,7,6.95,7.76,8.73,8,242,5.74
2024-08-30,Maharashtra,Pune,Shirur,Karegaon,18.79,74.28,Onion,0.55,5.5,27.6,84.22,2.32,610,7,7.0,13.33,10.53,8,243,4.95
2024-08-31,Maharashtra,Pune,Shirur,Karegaon,18.79,74.28,Onion,4.61,1.49,27.84,81.33,3.59,610,7,5.5,6.95,8.5,8,244,-3.12
2024-09-01,Maharashtra,Pune,Shirur,Karegaon,18.79,74.28,Onion,10.61,15.32,27.51,85.11,2.56,610,7,1.49,7.0,13.38,9,245,4.71
2024-09-02,Maharashtra,Pune,Shirur,Karegaon,18.79,74.28,Onion,3.78,6.69,27.83,84.14,3.27,610,7,15.32,5.5,7.76,9,246,2.91
2024-09-03,Maharashtra,Pune,Shirur,Karegaon,18.79,74.28,Onion,8.99,12.43,27.8,91.74,2.33,610,7,6.69,1.49,13.33,9,247,3.44
2024-09-04,Maharashtra,Pune,Shirur,Karegaon,18.79,74.28,Onion,4.65,10.12,27.67,79.76,3.57,610,7,12.43,15.32,6.95,9,248,5.47
2024-09-05,Maharashtra,Pune,Shirur,Karegaon,18.79,74.28,Onion,8.84,10.42,27.89,86.52,1.87,610,7,10.12,6.69,7.0,9,249,1.58
2024-09-06,Maharashtra,Pune,Shirur,Karegaon,18.79,74.28,Onion,4.94,6.41,28.29,87.08,3.18,610,7,10.42,12.43,5.5,9,250,1.47
2024-09-07,Maharashtra,Pune,Shirur,Karegaon,18.79,74.28,Onion,3.25,5.63,26.78,82.59,2.52,610,7,6.41,10.12,1.49,9,251,2.38
2024-09-08,Maharashtra,Pune,Shirur,Karegaon,18.79,74.28,Onion,26.25,29.89,27.81,99.0,1.6,610,7,5.63,10.42,15.32,9,252,3.64
2024-09-09,Maharashtra,Pune,Shirur,Karegaon,18.79,74.28,Onion,0.35,2.48,26.14,74.24,2.2,610,7,29.89,6.41,6.69,9,253,2.13
2024-09-10,Maharashtra,Pune,Shirur,Karegaon,18.79,74.28,Onion,3.3,4.84,28.81,82.61,1.95,610,7,2.48,5.63,12.43,9,254,1.54
2024-09-11,Maharashtra,Pune,Shirur,Karegaon,18.79,74.28,Onion,3.77,4.46,27.05,84.57,2.06,610,7,4.84,29.89,10.12,9,255,0.69
2024-09-12,Maharashtra,Pune,Shirur,Karegaon,18.79,74.28,Onion,1.07,3.53,26.19,77.12,3.09,610,7,4.46,2.48,10.42,9,256,2.46
2024-09-13,Maharashtra,Pune,Shirur,Karegaon,18.79,74.28,Onion,5.86,10.59,28.57,94.23,3.01,610,7,3.53,4.84,6.41,9,257,4.73
2024-09-14,Maharashtra,Pune,Shirur,Karegaon,18.79,74.28,Onion,4.47,5.57,27.61,78.77,2.72,610,7,10.59,4.46,5.63,9,258,1.1
2024-09-15,Maharashtra,Pune,Shirur,Karegaon,18.79,74.28,Onion,1.85,4.9,27.42,70.51,1.24,610,7,5.57,3.53,29.89,9,259,3.05
2024-09-16,Maharashtra,Pune,Shirur,Karegaon,18.79,74.28,Onion,0.92,3.98,27.65,81.37,3.0,610,7,4.9,10.59,2.48,9,260,3.06
2024-09-17,Maharashtra,Pune,Shirur,Karegaon,18.79,74.28,Onion,8.85,11.49,28.25,90.3,2.7,610,7,3.98,5.57,4.84,9,261,2.64
2024-09-18,Maharashtra,Pune,Shirur,Karegaon,18.79,74.28,Onion,9.99,11.63,27.24,92.6,3.66,610,7,11.49,4.9,4.46,9,262,1.64
2024-09-19,Maharashtra,Pune,Shirur,Karegaon,18.79,74.28,Onion,0.53,0.41,26.64,75.69,2.15,610,7,11.63,3.98,3.53,9,263,-0.12
2024-09-20,Maharashtra,Pune,Shirur,Karegaon,18.79,74.28,Onion,0.42,4.0,28.15,74.77,2.37,610,7,0.41,11.49,10.59,9,264,3.58
2024-09-21,Maharashtra,Pune,Shirur,Karegaon,18.79,74.28,Onion,3.26,0.0,26.72,79.94,1.53,610,7,4.0,11.63,5.57,9,265,-3.26
2024-09-22,Maharashtra,Pune,Shirur,Karegaon,18.79,74.28,Onion,2.54,3.45,27.41,81.56,2.21,610,7,0.0,0.41,4.9,9,266,0.91
2024-09-23,Maharashtra,Pune,Shirur,Karegaon,18.79,74.28,Onion,2.01,4.22,26.12,80.25,2.04,610,7,3.45,4.0,3.98,9,267,2.21
2024-09-24,Maharashtra,Pune,Shirur,Karegaon,18.79,74.28,Onion,8.8,13.37,26.6,85.07,1.41,610,7,4.22,0.0,11.49,9,268,4.57
2024-09-25,Maharashtra,Pune,Shirur,Karegaon,18.79,74.28,Onion,1.42,6.62,26.47,75.88,2.34,610,7,13.37,3.45,11.63,9,269,5.2
2024-09-26,Maharashtra,Pune,Shirur,Karegaon,18.79,74.28,Onion,5.08,4.1,27.59,74.3,2.04,610,7,6.62,4.22,0.41,9,270,-0.98
2024-09-27,Maharashtra,Pune,Shirur,Karegaon,18.79,74.28,Onion,3.45,5.39,26.96,83.51,2.63,610,7,4.1,13.37,4.0,9,271,1.94
2024-09-28,Maharashtra,Pune,Shirur,Karegaon,18.79,74.28,Onion,1.43,4.42,28.39,80.86,3.37,610,7,5.39,6.62,0.0,9,272,2.99
2024-09-29,Maharashtra,Pune,Shirur,Karegaon,18.79,74.28,Onion,1.46,3.22,27.06,73.72,3.41,610,7,4.42,4.1,3.45,9,273,1.76
2024-09-30,Maharashtra,Pune,Shirur,Karegaon,18.79,74.28,Onion,5.85,9.36,27.28,85.9,1.32,610,7,3.22,5.39,4.22,9,274,3.51
2024-06-01,Maharashtra,Pune,Daund,Kedgaon,18.45,74.2,Sugarcane,2.01,5.16,24.25,68.42,1.53,560,5,,,,6,153,3.15
2024-06-02,Maharashtra,Pune,Daund,Kedgaon,18.45,74.2,Sugarcane,2.25,7.52,25.14,79.03,2.37,560,5,5.16,,,6,154,5.27
2024-06-03,Maharashtra,Pune,Daund,Kedgaon,18.45,74.2,Sugarcane,6.11,7.73,24.02,89.01,2.71,560,5,7.52,,,6,155,1.62
2024-06-04,Maharashtra,Pune,Daund,Kedgaon,18.45,74.2,Sugarcane,1.15,4.07,24.65,75.25,1.88,560,5,7.73,5.16,,6,156,2.92
2024-06-05,Maharashtra,Pune,Daund,Kedgaon,18.45,74.2,Sugarcane,3.51,4.5,23.94,80.52,2.26,560,5,4.07,7.52,,6,157,0.99
2024-06-06,Maharashtra,Pune,Daund,Kedgaon,18.45,74.2,Sugarcane,1.89,5.29,25.41,80.48,2.21,560,5,4.5,7.73,,6,158,3.4
2024-06-07,Maharashtra,Pune,Daund,Kedgaon,18.45,74.2,Sugarcane,1.47,2.18,24.98,74.62,2.48,560,5,5.29,4.07,,6,159,0.71
2024-06-08,Maharashtra,Pune,Daund,Kedgaon,18.45,74.2,Sugarcane,0.9,4.44,24.68,73.73,1.52,560,5,2.18,4.5,5.16,6,160,3.54
2024-06-09,Maharashtra,Pune,Daund,Kedgaon,18.45,74.2,Sugarcane,4.13,5.23,24.91,85.25,0.95,560,5,4.44,5.29,7.52,6,161,1.1
2024-06-10,Maharashtra,Pune,Daund,Kedgaon,18.45,74.2,Sugarcane,12.57,9.06,25.04,88.21,2.19,560,5,5.23,2.18,7.73,6,162,-3.51
2024-06-11,Maharashtra,Pune,Daund,Kedgaon,18.45,74.2,Sugarcane,1.9,3.58,24.52,77.59,2.81,560,5,9.06,4.44,4.07,6,163,1.68
2024-06-12,Maharashtra,Pune,Daund,Kedgaon,18.45,74.2,Sugarcane,0.71,6.59,24.76,76.3,2.08,560,5,3.58,5.23,4.5,6,164,5.88
2024-06-13,Maharashtra,Pune,Daund,Kedgaon,18.45,74.2,Sugarcane,4.99,8.05,24.19,76.45,2.08,560,5,6.59,9.06,5.29,6,165,3.06
2024-06-14,Maharashtra,Pune,Daund,Kedgaon,18.45,74.2,Sugarcane,2.38,5.92,24.54,84.83,3.86,560,5,8.05,3.58,2.18,6,166,3.54
2024-06-15,Maharashtra,Pune,Daund,Kedgaon,18.45,74.2,Sugarcane,2.48,1.91,25.79,76.98,1.53,560,5,5.92,6.59,4.44,6,167,-0.57
2024-06-16,Maharashtra,Pune,Daund,Kedgaon,18.45,74.2,Sugarcane,2.42,3.67,26.07,75.76,3.79,560,5,1.91,8.05,5.23,6,168,1.25
2024-06-17,Maharashtra,Pune,Daund,Kedgaon,18.45,74.2,Sugarcane,0.62,0.49,25.45,74.78,2.13,560,5,3.67,5.92,9.06,6,169,-0.13
2024-06-18,Maharashtra,Pune,Daund,Kedgaon,18.45,74.2,Sugarcane,6.71,11.0,25.22,84.79,1.77,560,5,0.49,1.91,3.58,6,170,4.29
2024-06-19,Maharashtra,Pune,Daund,Kedgaon,18.45,74.2,Sugarcane,1.08,2.1,25.72,69.65,2.36,560,5,11.0,3.67,6.59,6,171,1.02
2024-06-20,Maharashtra,Pune,Daund,Kedgaon,18.45,74.2,Sugarcane,11.53,12.26,24.62,91.67,0.55,560,5,2.1,0.49,8.05,6,172,0.73
2024-06-21,Maharashtra,Pune,Daund,Kedgaon,18.45,74.2,Sugarcane,8.9,14.46,24.44,90.35,2.32,560,5,12.26,11.0,5.92,6,173,5.56
2024-06-22,Maharashtra,Pune,Daund,Kedgaon,18.45,74.2,Sugarcane,2.57,5.67,26.17,86.23,3.21,560,5,14.46,2.1,1.91,6,174,3.1
2024-06-23,Maharashtra,Pune,Daund,Kedgaon,18.45,74.2,Sugarcane,1.94,1.1,26.78,75.22,3.58,560,5,5.67,12.26,3.67,6,175,-0.84
2024-06-24,Maharashtra,Pune,Daund,Kedgaon,18.45,74.2,Sugarcane,5.97,7.26,26.25,83.11,2.1,560,5,1.1,14.46,0.49,6,176,1.29
2024-06-25,Maharashtra,Pune,Daund,Kedgaon,18.45,74.2,Sugarcane,6.97,7.28,26.26,84.11,2.79,560,5,7.26,5.67,11.0,6,177,0.31
2024-06-26,Maharashtra,Pune,Daund,Kedgaon,18.45,74.2,Sugarcane,2.4,7.77,26.97,82.41,2.09,560,5,7.28,1.1,2.1,6,178,5.37
2024-06-27,Maharashtra,Pune,Daund,Kedgaon,18.45,74.2,Sugarcane,2.89,4.08,25.49,86.95,2.36,560,5,7.77,7.26,12.26,6,179,1.19
2024-06-28,Maharashtra,Pune,Daund,Kedgaon,18.45,74.2,Sugarcane,15.42,18.36,27.43,94.63,2.19,560,5,4.08,7.28,14.46,6,180,2.94
2024-06-29,Maharashtra,Pune,Daund,Kedgaon,18.45,74.2,Sugarcane,0.98,1.34,25.97,72.24,3.65,560,5,18.36,7.77,5.67,6,181,0.36
2024-06-30,Maharashtra,Pune,Daund,Kedgaon,18.45,74.2,Sugarcane,10.61,10.2,27.15,87.27,1.52,560,5,1.34,4.08,1.1,6,182,-0.41
2024-07-01,Maharashtra,Pune,Daund,Kedgaon,18.45,74.2,Sugarcane,0.62,4.01,25.86,78.17,1.82,560,5,10.2,18.36,7.26,7,183,3.39
2024-07-02,Maharashtra,Pune,Daund,Kedgaon,18.45,74.2,Sugarcane,4.5,5.7,26.44,75.13,3.62,560,5,4.01,1.34,7.28,7,184,1.2
2024-07-03,Maharashtra,Pune,Daund,Kedgaon,18.45,74.2,Sugarcane,2.59,4.25,26.65,81.8,2.04,560,5,5.7,10.2,7.77,7,185,1.66
2024-07-04,Maharashtra,Pune,Daund,Kedgaon,18.45,74.2,Sugarcane,10.75,14.21,25.99,90.3,2.03,560,5,4.25,4.01,4.08,7,186,3.46
2024-07-05,Maharashtra,Pune,Daund,Kedgaon,18.45,74.2,Sugarcane,4.63,7.02,26.34,79.39,2.36,560,5,14.21,5.7,18.36,7,187,2.39
2024-07-06,Maharashtra,Pune,Daund,Kedgaon,18.45,74.2,Sugarcane,5.07,6.72,25.65,91.47,3.25,560,5,7.02,4.25,1.34,7,188,1.65
2024-07-07,Maharashtra,Pune,Daund,Kedgaon,18.45,74.2,Sugarcane,5.84,3.78,24.61,81.41,1.3,560,5,6.72,14.21,10.2,7,189,-2.06
2024-07-08,Maharashtra,Pune,Daund,Kedgaon,18.45,74.2,Sugarcane,3.62,7.36,25.65,81.94,2.41,560,5,3.78,7.02,4.01,7,190,3.74
2024-07-09,Maharashtra,Pune,Daund,Kedgaon,18.45,74.2,Sugarcane,6.4,11.07,26.42,90.78,1.77,560,5,7.36,6.72,5.7,7,191,4.67
2024-07-10,Maharashtra,Pune,Daund,Kedgaon,18.45,74.2,Sugarcane,8.98,10.23,26.98,85.58,0.27,560,5,11.07,3.78,4.25,7,192,1.25
2024-07-11,Maharashtra,Pune,Daund,Kedgaon,18.45,74.2,Sugarcane,13.02,14.32,27.9,91.56,1.37,560,5,10.23,7.36,14.21,7,193,1.3
2024-07-12,Maharashtra,Pune,Daund,Kedgaon,18.45,74.2,Sugarcane,3.13,3.01,27.77,88.71,2.78,560,5,14.32,11.07,7.02,7,194,-0.12
2024-07-13,Maharashtra,Pune,Daund,Kedgaon,18.45,74.2,Sugarcane,4.85,9.84,26.71,80.66,2.78,560,5,3.01,10.23,6.72,7,195,4.99
2024-07-14,Maharashtra,Pune,Daund,Kedgaon,18.45,74.2,Sugarcane,2.65,5.85,25.69,83.52,2.32,560,5,9.84,14.32,3.78,7,196,3.2
2024-07-15,Maharashtra,Pune,Daund,Kedgaon,18.45,74.2,Sugarcane,13.02,14.65,25.89,94.67,1.7,560,5,5.85,3.01,7.36,7,197,1.63
2024-07-16,Maharashtra,Pune,Daund,Kedgaon,18.45,74.2,Sugarcane,3.04,5.19,25.59,78.73,3.04,560,5,14.65,9.84,11.07,7,198,2.15
2024-07-17,Maharashtra,Pune,Daund,Kedgaon,18.45,74.2,Sugarcane,3.48,5.7,26.73,76.05,2.37,560,5,5.19,5.85,10.23,7,199,2.22
2024-07-18,Maharashtra,Pune,Daund,Kedgaon,18.45,74.2,Sugarcane,11.99,13.14,25.89,94.16,2.33,560,5,5.7,14.65,14.32,7,200,1.15
2024-07-19,Maharashtra,Pune,Daund,Kedgaon,18.45,74.2,Sugarcane,2.01,3.16,26.06,74.28,1.23,560,5,13.14,5.19,3.01,7,201,1.15
2024-07-20,Maharashtra,Pune,Daund,Kedgaon,18.45,74.2,Sugarcane,1.5,1.94,27.26,74.46,3.01,560,5,3.16,5.7,9.84,7,202,0.44
2024-07-21,Maharashtra,Pune,Daund,Kedgaon,18.45,74.2,Sugarcane,1.61,3.62,28.6,80.46,1.93,560,5,1.94,13.14,5.85,7,203,2.01
2024-07-22,Maharashtra,Pune,Daund,Kedgaon,18.45,74.2,Sugarcane,9.92,8.56,26.42,86.96,2.07,560,5,3.62,3.16,14.65,7,204,-1.36
2024-07-23,Maharashtra,Pune,Daund,Kedgaon,18.45,74.2,Sugarcane,3.92,8.63,26.05,79.9,3.24,560,5,8.56,1.94,5.19,7,205,4.71
2024-07-24,Maharashtra,Pune,Daund,Kedgaon,18.45,74.2,Sugarcane,5.41,4.61,26.92,79.46,2.56,560,5,8.63,3.62,5.7,7,206,-0.8
2024-07-25,Maharashtra,Pune,Daund,Kedgaon,18.45,74.2,Sugarcane,0.93,3.06,27.24,82.87,2.05,560,5,4.61,8.56,13.14,7,207,2.13
2024-07-26,Maharashtra,Pune,Daund,Kedgaon,18.45,74.2,Sugarcane,2.56,4.07,27.08,75.75,0.78,560,5,3.06,8.63,3.16,7,208,1.51
2024-07-27,Maharashtra,Pune,Daund,Kedgaon,18.45,74.2,Sugarcane,3.16,5.33,28.02,87.62,3.01,560,5,4.07,4.61,1.94,7,209,2.17
2024-07-28,Maharashtra,Pune,Daund,Kedgaon,18.45,74.2,Sugarcane,17.59,22.91,28.5,99.0,2.97,560,5,5.33,3.06,3.62,7,210,5.32
2024-07-29,Maharashtra,Pune,Daund,Kedgaon,18.45,74.2,Sugarcane,4.79,6.01,27.67,78.86,2.25,560,5,22.91,4.07,8.56,7,211,1.22
2024-07-30,Maharashtra,Pune,Daund,Kedgaon,18.45,74.2,Sugarcane,4.76,9.57,27.48,87.49,1.41,560,5,6.01,5.33,8.63,7,212,4.81
2024-07-31,Maharashtra,Pune,Daund,Kedgaon,18.45,74.2,Sugarcane,33.48,35.8,28.29,99.0,2.17,560,5,9.57,22.91,4.61,7,213,2.32
2024-08-01,Maharashtra,Pune,Daund,Kedgaon,18.45,74.2,Sugarcane,9.98,15.82,26.22,94.42,1.95,560,5,35.8,6.01,3.06,8,214,5.84
2024-08-02,Maharashtra,Pune,Daund,Kedgaon,18.45,74.2,Sugarcane,3.84,3.56,27.63,76.15,2.99,560,5,15.82,9.57,4.07,8,215,-0.28
2024-08-03,Maharashtra,Pune,Daund,Kedgaon,18.45,74.2,Sugarcane,2.94,3.79,27.61,78.42,2.43,560,5,3.56,35.8,5.33,8,216,0.85
2024-08-04,Maharashtra,Pune,Daund,Kedgaon,18.45,74.2,Sugarcane,11.02,12.3,26.67,89.53,2.78,560,5,3.79,15.82,22.91,8,217,1.28
2024-08-05,Maharashtra,Pune,Daund,Kedgaon,18.45,74.2,Sugarcane,0.88,1.34,27.28,74.01,2.97,560,5,12.3,3.56,6.01,8,218,0.46
2024-08-06,Maharashtra,Pune,Daund,Kedgaon,18.45,74.2,Sugarcane,0.66,1.89,27.33,70.97,1.91,560,5,1.34,3.79,9.57,8,219,1.23
2024-08-07,Maharashtra,Pune,Daund,Kedgaon,18.45,74.2,Sugarcane,3.84,6.04,27.01,86.52,2.79,560,5,1.89,12.3,35.8,8,220,2.2
2024-08-08,Maharashtra,Pune,Daund,Kedgaon,18.45,74.2,Sugarcane,2.33,4.48,28.34,76.39,3.01,560,5,6.04,1.34,15.82,8,221,2.15
2024-08-09,Maharashtra,Pune,Daund,Kedgaon,18.45,74.2,Sugarcane,5.93,10.41,27.65,82.06,2.81,560,5,4.48,1.89,3.56,8,222,4.48
2024-08-10,Maharashtra,Pune,Daund,Kedgaon,18.45,74.2,Sugarcane,4.7,6.76,27.25,79.81,1.43,560,5,10.41,6.04,3.79,8,223,2.06
2024-08-11,Maharashtra,Pune,Daund,Kedgaon,18.45,74.2,Sugarcane,9.15,13.24,26.65,87.48,3.32,560,5,6.76,4.48,12.3,8,224,4.09
2024-08-12,Maharashtra,Pune,Daund,Kedgaon,18.45,74.2,Sugarcane,0.16,1.21,27.67,78.47,2.98,560,5,13.24,10.41,1.34,8,225,1.05
2024-08-13,Maharashtra,Pune,Daund,Kedgaon,18.45,74.2,Sugarcane,7.03,9.96,28.82,86.52,3.97,560,5,1.21,6.76,1.89,8,226,2.93
2024-08-14,Maharashtra,Pune,Daund,Kedgaon,18.45,74.2,Sugarcane,11.59,18.71,27.2,95.89,2.42,560,5,9.96,13.24,6.04,8,227,7.12
2024-08-15,Maharashtra,Pune,Daund,Kedgaon,18.45,74.2,Sugarcane,12.89,16.04,27.44,97.78,2.75,560,5,18.71,1.21,4.48,8,228,3.15
2024-08-16,Maharashtra,Pune,Daund,Kedgaon,18.45,74.2,Sugarcane,11.62,13.35,27.91,90.84,3.17,560,5,16.04,9.96,10.41,8,229,1.73
2024-08-17,Maharashtra,Pune,Daund,Kedgaon,18.45,74.2,Sugarcane,3.57,7.83,26.04,82.64,2.13,560,5,13.35,18.71,6.76,8,230,4.26
2024-08-18,Maharashtra,Pune,Daund,Kedgaon,18.45,74.2,Sugarcane,1.81,6.16,28.38,77.63,3.1,560,5,7.83,16.04,13.24,8,231,4.35
2024-08-19,Maharashtra,Pune,Daund,Kedgaon,18.45,74.2,Sugarcane,10.66,11.18,27.21,92.15,2.37,560,5,6.16,13.35,1.21,8,232,0.52
2024-08-20,Maharashtra,Pune,Daund,Kedgaon,18.45,74.2,Sugarcane,1.46,5.02,27.29,79.07,3.39,560,5,11.18,7.83,9.96,8,233,3.56
2024-08-21,Maharashtra,Pune,Daund,Kedgaon,18.45,74.2,Sugarcane,0.96,2.51,27.94,82.1,1.34,560,5,5.02,6.16,18.71,8,234,1.55
2024-08-22,Maharashtra,Pune,Daund,Kedgaon,18.45,74.2,Sugarcane,8.13,9.66,27.59,87.43,2.68,560,5,2.51,11.18,16.04,8,235,1.53
2024-08-23,Maharashtra,Pune,Daund,Kedgaon,18.45,74.2,Sugarcane,8.11,8.05,28.38,90.4,2.55,560,5,9.66,5.02,13.35,8,236,-0.06
2024-08-24,Maharashtra,Pune,Daund,Kedgaon,18.45,74.2,Sugarcane,0.66,2.95,26.89,75.35,1.27,560,5,8.05,2.51,7.83,8,237,2.29
2024-08-25,Maharashtra,Pune,Daund,Kedgaon,18.45,74.2,Sugarcane,8.07,6.67,27.94,85.45,2.81,560,5,2.95,9.66,6.16,8,238,-1.4
2024-08-26,Maharashtra,Pune,Daund,Kedgaon,18.45,74.2,Sugarcane,3.1,3.46,27.32,79.8,2.52,560,5,6.67,8.05,11.18,8,239,0.36
2024-08-27,Maharashtra,Pune,Daund,Kedgaon,18.45,74.2,Sugarcane,3.8,4.99,29.46,77.47,1.95,560,5,3.46,2.95,5.02,8,240,1.19
2024-08-28,Maharashtra,Pune,Daund,Kedgaon,18.45,74.2,Sugarcane,0.77,0.85,28.34,76.08,2.05,560,5,4.99,6.67,2.51,8,241,0.08
2024-08-29,Maharashtra,Pune,Daund,Kedgaon,18.45,74.2,Sugarcane,15.68,19.52,28.0,93.03,2.89,560,5,0.85,3.46,9.66,8,242,3.84
2024-08-30,Maharashtra,Pune,Daund,Kedgaon,18.45,74.2,Sugarcane,11.85,17.35,28.29,91.06,2.6,560,5,19.52,4.99,8.05,8,243,5.5
2024-08-31,Maharashtra,Pune,Daund,Kedgaon,18.45,74.2,Sugarcane,4.95,6.67,27.85,80.28,2.67,560,5,17.35,0.85,2.95,8,244,1.72
2024-09-01,Maharashtra,Pune,Daund,Kedgaon,18.45,74.2,Sugarcane,4.37,7.6,27.81,75.78,3.83,560,5,6.67,19.52,6.67,9,245,3.23
2024-09-02,Maharashtra,Pune,Daund,Kedgaon,18.45,74.2,Sugarcane,3.67,4.89,27.34,86.58,3.51,560,5,7.6,17.35,3.46,9,246,1.22
2024-09-03,Maharashtra,Pune,Daund,Kedgaon,18.45,74.2,Sugarcane,6.22,9.36,27.73,82.71,2.67,560,5,4.89,6.67,4.99,9,247,3.14
2024-09-04,Maharashtra,Pune,Daund,Kedgaon,18.45,74.2,Sugarcane,2.59,4.9,28.09,76.63,2.97,560,5,9.36,7.6,0.85,9,248,2.31
2024-09-05,Maharashtra,Pune,Daund,Kedgaon,18.45,74.2,Sugarcane,1.43,2.27,26.91,81.78,1.62,560,5,4.9,4.89,19.52,9,249,0.84
2024-09-06,Maharashtra,Pune,Daund,Kedgaon,18.45,74.2,Sugarcane,1.85,2.61,27.52,74.17,3.07,560,5,2.27,9.36,17.35,9,250,0.76
2024-09-07,Maharashtra,Pune,Daund,Kedgaon,18.45,74.2,Sugarcane,8.09,11.06,27.69,83.61,1.75,560,5,2.61,4.9,6.67,9,251,2.97
2024-09-08,Maharashtra,Pune,Daund,Kedgaon,18.45,74.2,Sugarcane,10.96,11.47,27.66,87.95,1.5,560,5,11.06,2.27,7.6,9,252,0.51
2024-09-09,Maharashtra,Pune,Daund,Kedgaon,18.45,74.2,Sugarcane,4.49,4.48,26.58,75.13,2.1,560,5,11.47,2.61,4.89,9,253,-0.01
2024-09-10,Maharashtra,Pune,Daund,Kedgaon,18.45,74.2,Sugarcane,3.44,6.64,27.56,82.43,2.25,560,5,4.48,11.06,9.36,9,254,3.2
2024-09-11,Maharashtra,Pune,Daund,Kedgaon,18.45,74.2,Sugarcane,1.52,0.9,27.97,74.08,3.13,560,5,6.64,11.47,4.9,9,255,-0.62
2024-09-12,Maharashtra,Pune,Daund,Kedgaon,18.45,74.2,Sugarcane,2.55,2.21,27.1,80.59,3.34,560,5,0.9,4.48,2.27,9,256,-0.34
2024-09-13,Maharashtra,Pune,Daund,Kedgaon,18.45,74.2,Sugarcane,12.92,18.49,27.35,95.9,1.65,560,5,2.21,6.64,2.61,9,257,5.57
2024-09-14,Maharashtra,Pune,Daund,Kedgaon,18.45,74.2,Sugarcane,5.11,4.77,27.87,76.88,2.74,560,5,18.49,0.9,11.06,9,258,-0.34
2024-09-15,Maharashtra,Pune,Daund,Kedgaon,18.45,74.2,Sugarcane,7.4,7.37,27.19,81.02,2.32,560,5,4.77,2.21,11.47,9,259,-0.03
2024-09-16,Maharashtra,Pune,Daund,Kedgaon,18.45,74.2,Sugarcane,3.71,8.96,27.0,86.02,1.57,560,5,7.37,18.49,4.48,9,260,5.25
2024-09-17,Maharashtra,Pune,Daund,Kedgaon,18.45,74.2,Sugarcane,3.54,7.71,27.19,82.47,2.74,560,5,8.96,4.77,6.64,9,261,4.17
2024-09-18,Maharashtra,Pune,Daund,Kedgaon,18.45,74.2,Sugarcane,1.83,2.52,27.89,85.64,2.78,560,5,7.71,7.37,0.9,9,262,0.69
2024-09-19,Maharashtra,Pune,Daund,Kedgaon,18.45,74.2,Sugarcane,5.27,4.25,27.76,78.25,1.93,560,5,2.52,8.96,2.21,9,263,-1.02
2024-09-20,Maharashtra,Pune,Daund,Kedgaon,18.45,74.2,Sugarcane,15.28,15.7,28.22,90.55,2.04,560,5,4.25,7.71,18.49,9,264,0.42
2024-09-21,Maharashtra,Pune,Daund,Kedgaon,18.45,74.2,Sugarcane,8.46,7.23,27.77,84.56,3.63,560,5,15.7,2.52,4.77,9,265,-1.23
2024-09-22,Maharashtra,Pune,Daund,Kedgaon,18.45,74.2,Sugarcane,1.56,7.01,26.77,77.1,2.71,560,5,7.23,4.25,7.37,9,266,5.45
2024-09-23,Maharashtra,Pune,Daund,Kedgaon,18.45,74.2,Sugarcane,1.11,2.56,27.16,77.53,2.46,560,5,7.01,15.7,8.96,9,267,1.45
2024-09-24,Maharashtra,Pune,Daund,Kedgaon,18.45,74.2,Sugarcane,3.36,4.15,27.22,79.85,2.05,560,5,2.56,7.23,7.71,9,268,0.79
2024-09-25,Maharashtra,Pune,Daund,Kedgaon,18.45,74.2,Sugarcane,3.8,4.23,27.08,77.13,3.7,560,5,4.15,7.01,2.52,9,269,0.43
2024-09-26,Maharashtra,Pune,Daund,Kedgaon,18.45,74.2,Sugarcane,2.81,3.74,27.24,74.51,2.26,560,5,4.23,2.56,4.25,9,270,0.93
2024-09-27,Maharashtra,Pune,Daund,Kedgaon,18.45,74.2,Sugarcane,0.91,0.0,26.43,82.95,3.06,560,5,3.74,4.15,15.7,9,271,-0.91
2024-09-28,Maharashtra,Pune,Daund,Kedgaon,18.45,74.2,Sugarcane,7.63,10.88,26.87,81.01,3.32,560,5,0.0,4.23,7.23,9,272,3.25
2024-09-29,Maharashtra,Pune,Daund,Kedgaon,18.45,74.2,Sugarcane,2.74,3.91,28.54,78.66,3.47,560,5,10.88,3.74,7.01,9,273,1.17
2024-09-30,Maharashtra,Pune,Daund,Kedgaon,18.45,74.2,Sugarcane,9.3,10.23,26.4,82.25,2.93,560,5,3.91,0.0,2.56,9,274,0.93
2024-06-01,Maharashtra,Pune,Daund,Patas,18.3,74.22,Sugarcane,1.91,4.89,23.39,83.44,2.12,545,5,,,,6,153,2.98
2024-06-02,Maharashtra,Pune,Daund,Patas,18.3,74.22,Sugarcane,3.84,8.45,24.66,72.12,2.45,545,5,4.89,,,6,154,4.61
2024-06-03,Maharashtra,Pune,Daund,Patas,18.3,74.22,Sugarcane,2.96,5.11,24.53,74.18,2.94,545,5,8.45,,,6,155,2.15
2024-06-04,Maharashtra,Pune,Daund,Patas,18.3,74.22,Sugarcane,1.37,2.31,25.69,77.49,2.46,545,5,5.11,4.89,,6,156,0.94
2024-06-05,Maharashtra,Pune,Daund,Patas,18.3,74.22,Sugarcane,1.62,6.18,25.33,80.7,2.88,545,5,2.31,8.45,,6,157,4.56
2024-06-06,Maharashtra,Pune,Daund,Patas,18.3,74.22,Sugarcane,0.45,1.9,24.41,72.28,0.9,545,5,6.18,5.11,,6,158,1.45
2024-06-07,Maharashtra,Pune,Daund,Patas,18.3,74.22,Sugarcane,0.49,2.21,24.41,76.9,2.05,545,5,1.9,2.31,,6,159,1.72
2024-06-08,Maharashtra,Pune,Daund,Patas,18.3,74.22,Sugarcane,6.81,10.06,25.16,78.56,2.33,545,5,2.21,6.18,4.89,6,160,3.25
2024-06-09,Maharashtra,Pune,Daund,Patas,18.3,74.22,Sugarcane,0.61,0.98,25.33,71.37,2.41,545,5,10.06,1.9,8.45,6,161,0.37
2024-06-10,Maharashtra,Pune,Daund,Patas,18.3,74.22,Sugarcane,4.79,5.12,25.12,82.48,3.64,545,5,0.98,2.21,5.11,6,162,0.33
2024-06-11,Maharashtra,Pune,Daund,Patas,18.3,74.22,Sugarcane,0.42,7.89,24.97,68.94,1.93,545,5,5.12,10.06,2.31,6,163,7.47
2024-06-12,Maharashtra,Pune,Daund,Patas,18.3,74.22,Sugarcane,6.02,6.94,25.85,76.22,1.34,545,5,7.89,0.98,6.18,6,164,0.92
2024-06-13,Maharashtra,Pune,Daund,Patas,18.3,74.22,Sugarcane,2.43,3.71,24.37,79.78,2.28,545,5,6.94,5.12,1.9,6,165,1.28
2024-06-14,Maharashtra,Pune,Daund,Patas,18.3,74.22,Sugarcane,5.09,7.37,24.29,84.08,2.14,545,5,3.71,7.89,2.21,6,166,2.28
2024-06-15,Maharashtra,Pune,Daund,Patas,18.3,74.22,Sugarcane,2.7,3.12,26.3,85.01,3.0,545,5,7.37,6.94,10.06,6,167,0.42
2024-06-16,Maharashtra,Pune,Daund,Patas,18.3,74.22,Sugarcane,1.04,5.06,25.48,74.26,3.34,545,5,3.12,3.71,0.98,6,168,4.02
2024-06-17,Maharashtra,Pune,Daund,Patas,18.3,74.22,Sugarcane,1.24,4.16,24.67,77.05,3.27,545,5,5.06,7.37,5.12,6,169,2.92
2024-06-18,Maharashtra,Pune,Daund,Patas,18.3,74.22,Sugarcane,4.1,8.23,25.51,71.58,1.52,545,5,4.16,3.12,7.89,6,170,4.13
2024-06-19,Maharashtra,Pune,Daund,Patas,18.3,74.22,Sugarcane,6.64,7.85,25.79,89.84,1.94,545,5,8.23,5.06,6.94,6,171,1.21
2024-06-20,Maharashtra,Pune,Daund,Patas,18.3,74.22,Sugarcane,1.74,4.3,25.49,82.28,1.76,545,5,7.85,4.16,3.71,6,172,2.56
2024-06-21,Maharashtra,Pune,Daund,Patas,18.3,74.22,Sugarcane,3.98,5.04,26.23,81.37,3.03,545,5,4.3,8.23,7.37,6,173,1.06
2024-06-22,Maharashtra,Pune,Daund,Patas,18.3,74.22,Sugarcane,4.33,4.93,25.25,86.1,2.91,545,5,5.04,7.85,3.12,6,174,0.6
2024-06-23,Maharashtra,Pune,Daund,Patas,18.3,74.22,Sugarcane,1.1,0.0,25.34,81.17,2.3,545,5,4.93,4.3,5.06,6,175,-1.1
2024-06-24,Maharashtra,Pune,Daund,Patas,18.3,74.22,Sugarcane,4.18,5.26,26.03,82.87,3.17,545,5,0.0,5.04,4.16,6,176,1.08
2024-06-25,Maharashtra,Pune,Daund,Patas,18.3,74.22,Sugarcane,3.07,2.27,25.7,74.64,0.92,545,5,5.26,4.93,8.23,6,177,-0.8
2024-06-26,Maharashtra,Pune,Daund,Patas,18.3,74.22,Sugarcane,1.06,2.38,26.04,75.22,0.97,545,5,2.27,0.0,7.85,6,178,1.32
2024-06-27,Maharashtra,Pune,Daund,Patas,18.3,74.22,Sugarcane,8.65,9.4,25.9,87.3,1.82,545,5,2.38,5.26,4.3,6,179,0.75
2024-06-28,Maharashtra,Pune,Daund,Patas,18.3,74.22,Sugarcane,0.27,0.63,25.44,80.2,1.43,545,5,9.4,2.27,5.04,6,180,0.36
2024-06-29,Maharashtra,Pune,Daund,Patas,18.3,74.22,Sugarcane,5.34,9.12,25.94,85.57,2.26,545,5,0.63,2.38,4.93,6,181,3.78
2024-06-30,Maharashtra,Pune,Daund,Patas,18.3,74.22,Sugarcane,6.08,2.67,26.34,85.02,2.78,545,5,9.12,9.4,0.0,6,182,-3.41
2024-07-01,Maharashtra,Pune,Daund,Patas,18.3,74.22,Sugarcane,2.39,3.33,26.42,81.24,3.77,545,5,2.67,0.63,5.26,7,183,0.94
2024-07-02,Maharashtra,Pune,Daund,Patas,18.3,74.22,Sugarcane,3.06,1.92,27.26,81.35,2.76,545,5,3.33,9.12,2.27,7,184,-1.14
2024-07-03,Maharashtra,Pune,Daund,Patas,18.3,74.22,Sugarcane,34.59,33.85,26.08,99.0,2.08,545,5,1.92,2.67,2.38,7,185,-0.74
2024-07-04,Maharashtra,Pune,Daund,Patas,18.3,74.22,Sugarcane,2.86,1.94,27.38,80.63,2.22,545,5,33.85,3.33,9.4,7,186,-0.92
2024-07-05,Maharashtra,Pune,Daund,Patas,18.3,74.22,Sugarcane,8.5,10.91,26.79,86.73,2.94,545,5,1.94,1.92,0.63,7,187,2.41
2024-07-06,Maharashtra,Pune,Daund,Patas,18.3,74.22,Sugarcane,8.59,10.01,27.43,84.39,2.71,545,5,10.91,33.85,9.12,7,188,1.42
2024-07-07,Maharashtra,Pune,Daund,Patas,18.3,74.22,Sugarcane,6.6,6.85,26.15,81.95,1.23,545,5,10.01,1.94,2.67,7,189,0.25
2024-07-08,Maharashtra,Pune,Daund,Patas,18.3,74.22,Sugarcane,2.26,6.66,26.83,68.32,2.91,545,5,6.85,10.91,3.33,7,190,4.4
2024-07-09,Maharashtra,Pune,Daund,Patas,18.3,74.22,Sugarcane,2.56,4.4,26.35,78.67,2.38,545,5,6.66,10.01,1.92,7,191,1.84
2024-07-10,Maharashtra,Pune,Daund,Patas,18.3,74.22,Sugarcane,13.9,17.93,27.19,95.35,0.97,545,5,4.4,6.85,33.85,7,192,4.03
2024-07-11,Maharashtra,Pune,Daund,Patas,18.3,74.22,Sugarcane,12.02,15.32,25.9,85.69,3.98,545,5,17.93,6.66,1.94,7,193,3.3
2024-07-12,Maharashtra,Pune,Daund,Patas,18.3,74.22,Sugarcane,1.6,3.7,26.32,77.74,1.36,545,5,15.32,4.4,10.91,7,194,2.1
2024-07-13,Maharashtra,Pune,Daund,Patas,18.3,74.22,Sugarcane,4.83,5.9,27.31,82.82,1.21,545,5,3.7,17.93,10.01,7,195,1.07
2024-07-14,Maharashtra,Pune,Daund,Patas,18.3,74.22,Sugarcane,10.27,11.05,27.22,87.66,1.47,545,5,5.9,15.32,6.85,7,196,0.78
2024-07-15,Maharashtra,Pune,Daund,Patas,18.3,74.22,Sugarcane,20.42,22.12,26.46,99.0,1.98,545,5,11.05,3.7,6.66,7,197,1.7
2024-07-16,Maharashtra,Pune,Daund,Patas,18.3,74.22,Sugarcane,0.64,5.16,27.36,75.75,3.5,545,5,22.12,5.9,4.4,7,198,4.52
2024-07-17,Maharashtra,Pune,Daund,Patas,18.3,74.22,Sugarcane,9.84,11.37,27.05,84.48,2.4,545,5,5.16,11.05,17.93,7,199,1.53
2024-07-18,Maharashtra,Pune,Daund,Patas,18.3,74.22,Sugarcane,6.92,8.4,26.65,88.41,0.92,545,5,11.37,22.12,15.32,7,200,1.48
2024-07-19,Maharashtra,Pune,Daund,Patas,18.3,74.22,Sugarcane,3.55,7.33,26.87,87.44,2.93,545,5,8.4,5.16,3.7,7,201,3.78
2024-07-20,Maharashtra,Pune,Daund,Patas,18.3,74.22,Sugarcane,3.48,4.63,27.54,74.85,1.74,545,5,7.33,11.37,5.9,7,202,1.15
2024-07-21,Maharashtra,Pune,Daund,Patas,18.3,74.22,Sugarcane,8.13,5.59,27.93,85.2,0.89,545,5,4.63,8.4,11.05,7,203,-2.54
2024-07-22,Maharashtra,Pune,Daund,Patas,18.3,74.22,Sugarcane,5.35,8.47,26.62,77.98,2.07,545,5,5.59,7.33,22.12,7,204,3.12
2024-07-23,Maharashtra,Pune,Daund,Patas,18.3,74.22,Sugarcane,5.69,5.98,27.67,80.34,1.7,545,5,8.47,4.63,5.16,7,205,0.29
2024-07-24,Maharashtra,Pune,Daund,Patas,18.3,74.22,Sugarcane,3.13,4.72,26.59,83.46,4.11,545,5,5.98,5.59,11.37,7,206,1.59
2024-07-25,Maharashtra,Pune,Daund,Patas,18.3,74.22,Sugarcane,6.86,10.79,26.69,84.33,1.37,545,5,4.72,8.47,8.4,7,207,3.93
2024-07-26,Maharashtra,Pune,Daund,Patas,18.3,74.22,Sugarcane,4.64,5.69,26.62,80.42,2.83,545,5,10.79,5.98,7.33,7,208,1.05
2024-07-27,Maharashtra,Pune,Daund,Patas,18.3,74.22,Sugarcane,5.11,5.49,26.11,83.11,2.8,545,5,5.69,4.72,4.63,7,209,0.38
2024-07-28,Maharashtra,Pune,Daund,Patas,18.3,74.22,Sugarcane,7.38,9.74,26.88,80.31,2.99,545,5,5.49,10.79,5.59,7,210,2.36
2024-07-29,Maharashtra,Pune,Daund,Patas,18.3,74.22,Sugarcane,11.87,12.52,28.06,88.27,2.92,545,5,9.74,5.69,8.47,7,211,0.65
2024-07-30,Maharashtra,Pune,Daund,Patas,18.3,74.22,Sugarcane,3.46,0.48,27.06,80.51,2.07,545,5,12.52,5.49,5.98,7,212,-2.98
2024-07-31,Maharashtra,Pune,Daund,Patas,18.3,74.22,Sugarcane,23.08,23.81,26.66,99.0,3.23,545,5,0.48,9.74,4.72,7,213,0.73
2024-08-01,Maharashtra,Pune,Daund,Patas,18.3,74.22,Sugarcane,19.53,19.95,26.51,99.0,3.3,545,5,23.81,12.52,10.79,8,214,0.42
2024-08-02,Maharashtra,Pune,Daund,Patas,18.3,74.22,Sugarcane,5.52,4.76,27.47,84.82,0.75,545,5,19.95,0.48,5.69,8,215,-0.76
2024-08-03,Maharashtra,Pune,Daund,Patas,18.3,74.22,Sugarcane,4.36,5.79,28.42,83.83,1.53,545,5,4.76,23.81,5.49,8,216,1.43
2024-08-04,Maharashtra,Pune,Daund,Patas,18.3,74.22,Sugarcane,4.46,4.41,26.72,87.37,1.62,545,5,5.79,19.95,9.74,8,217,-0.05
2024-08-05,Maharashtra,Pune,Daund,Patas,18.3,74.22,Sugarcane,14.55,16.36,27.82,91.06,2.85,545,5,4.41,4.76,12.52,8,218,1.81
2024-08-06,Maharashtra,Pune,Daund,Patas,18.3,74.22,Sugarcane,0.23,0.0,27.29,79.69,2.9,545,5,16.36,5.79,0.48,8,219,-0.23
2024-08-07,Maharashtra,Pune,Daund,Patas,18.3,74.22,Sugarcane,1.14,1.63,27.6,69.24,2.39,545,5,0.0,4.41,23.81,8,220,0.49
2024-08-08,Maharashtra,Pune,Daund,Patas,18.3,74.22,Sugarcane,7.67,10.58,27.65,83.04,0.85,545,5,1.63,16.36,19.95,8,221,2.91
2024-08-09,Maharashtra,Pune,Daund,Patas,18.3,74.22,Sugarcane,6.46,7.17,27.85,89.42,2.37,545,5,10.58,0.0,4.76,8,222,0.71
2024-08-10,Maharashtra,Pune,Daund,Patas,18.3,74.22,Sugarcane,9.23,11.58,27.49,91.99,1.97,545,5,7.17,1.63,5.79,8,223,2.35
2024-08-11,Maharashtra,Pune,Daund,Patas,18.3,74.22,Sugarcane,4.37,6.05,26.77,91.45,1.54,545,5,11.58,10.58,4.41,8,224,1.68
2024-08-12,Maharashtra,Pune,Daund,Patas,18.3,74.22,Sugarcane,5.17,7.57,27.43,81.47,2.21,545,5,6.05,7.17,16.36,8,225,2.4
2024-08-13,Maharashtra,Pune,Daund,Patas,18.3,74.22,Sugarcane,1.43,2.85,28.0,76.37,2.12,545,5,7.57,11.58,0.0,8,226,1.42
2024-08-14,Maharashtra,Pune,Daund,Patas,18.3,74.22,Sugarcane,3.34,4.89,27.31,84.7,1.44,545,5,2.85,6.05,1.63,8,227,1.55
2024-08-15,Maharashtra,Pune,Daund,Patas,18.3,74.22,Sugarcane,2.87,5.98,26.98,85.21,1.7,545,5,4.89,7.57,10.58,8,228,3.11
2024-08-16,Maharashtra,Pune,Daund,Patas,18.3,74.22,Sugarcane,8.68,10.25,26.66,80.96,3.09,545,5,5.98,2.85,7.17,8,229,1.57
2024-08-17,Maharashtra,Pune,Daund,Patas,18.3,74.22,Sugarcane,1.09,3.18,27.9,79.19,1.65,545,5,10.25,4.89,11.58,8,230,2.09
2024-08-18,Maharashtra,Pune,Daund,Patas,18.3,74.22,Sugarcane,1.65,2.26,25.72,80.58,1.57,545,5,3.18,5.98,6.05,8,231,0.61
2024-08-19,Maharashtra,Pune,Daund,Patas,18.3,74.22,Sugarcane,7.74,9.64,28.36,85.91,3.67,545,5,2.26,10.25,7.57,8,232,1.9
2024-08-20,Maharashtra,Pune,Daund,Patas,18.3,74.22,Sugarcane,1.43,4.63,27.53,82.32,2.05,545,5,9.64,3.18,2.85,8,233,3.2
2024-08-21,Maharashtra,Pune,Daund,Patas,18.3,74.22,Sugarcane,23.01,25.44,28.06,99.0,1.45,545,5,4.63,2.26,4.89,8,234,2.43
2024-08-22,Maharashtra,Pune,Daund,Patas,18.3,74.22,Sugarcane,0.94,3.35,27.52,77.17,0.49,545,5,25.44,9.64,5.98,8,235,2.41
2024-08-23,Maharashtra,Pune,Daund,Patas,18.3,74.22,Sugarcane,4.0,7.7,28.38,83.1,2.72,545,5,3.35,4.63,10.25,8,236,3.7
2024-08-24,Maharashtra,Pune,Daund,Patas,18.3,74.22,Sugarcane,0.66,3.78,28.56,85.26,1.05,545,5,7.7,25.44,3.18,8,237,3.12
2024-08-25,Maharashtra,Pune,Daund,Patas,18.3,74.22,Sugarcane,3.15,5.36,27.71,78.85,3.22,545,5,3.78,3.35,2.26,8,238,2.21
2024-08-26,Maharashtra,Pune,Daund,Patas,18.3,74.22,Sugarcane,1.25,1.06,27.45,72.58,2.36,545,5,5.36,7.7,9.64,8,239,-0.19
2024-08-27,Maharashtra,Pune,Daund,Patas,18.3,74.22,Sugarcane,3.89,7.5,27.66,84.92,2.24,545,5,1.06,3.78,4.63,8,240,3.61
2024-08-28,Maharashtra,Pune,Daund,Patas,18.3,74.22,Sugarcane,4.43,6.27,28.2,79.67,2.81,545,5,7.5,5.36,25.44,8,241,1.84
2024-08-29,Maharashtra,Pune,Daund,Patas,18.3,74.22,Sugarcane,1.79,2.5,28.3,78.4,3.62,545,5,6.27,1.06,3.35,8,242,0.71
2024-08-30,Maharashtra,Pune,Daund,Patas,18.3,74.22,Sugarcane,2.27,1.36,28.13,78.7,2.02,545,5,2.5,7.5,7.7,8,243,-0.91
2024-08-31,Maharashtra,Pune,Daund,Patas,18.3,74.22,Sugarcane,2.91,8.08,27.18,74.21,3.04,545,5,1.36,6.27,3.78,8,244,5.17
2024-09-01,Maharashtra,Pune,Daund,Patas,18.3,74.22,Sugarcane,3.45,4.26,28.28,84.47,1.98,545,5,8.08,2.5,5.36,9,245,0.81
2024-09-02,Maharashtra,Pune,Daund,Patas,18.3,74.22,Sugarcane,1.86,4.87,26.7,73.71,0.37,545,5,4.26,1.36,1.06,9,246,3.01
2024-09-03,Maharashtra,Pune,Daund,Patas,18.3,74.22,Sugarcane,7.05,8.59,26.49,80.07,2.02,545,5,4.87,8.08,7.5,9,247,1.54
2024-09-04,Maharashtra,Pune,Daund,Patas,18.3,74.22,Sugarcane,1.97,5.0,29.26,78.28,3.29,545,5,8.59,4.26,6.27,9,248,3.03
2024-09-05,Maharashtra,Pune,Daund,Patas,18.3,74.22,Sugarcane,1.59,2.74,26.54,77.96,1.78,545,5,5.0,4.87,2.5,9,249,1.15
2024-09-06,Maharashtra,Pune,Daund,Patas,18.3,74.22,Sugarcane,0.2,0.99,26.51,79.83,1.82,545,5,2.74,8.59,1.36,9,250,0.79
2024-09-07,Maharashtra,Pune,Daund,Patas,18.3,74.22,Sugarcane,9.68,10.46,27.88,89.99,3.01,545,5,0.99,5.0,8.08,9,251,0.78
2024-09-08,Maharashtra,Pune,Daund,Patas,18.3,74.22,Sugarcane,3.53,6.89,27.77,79.67,1.24,545,5,10.46,2.74,4.26,9,252,3.36
2024-09-09,Maharashtra,Pune,Daund,Patas,18.3,74.22,Sugarcane,6.45,7.49,28.51,78.03,3.72,545,5,6.89,0.99,4.87,9,253,1.04
2024-09-10,Maharashtra,Pune,Daund,Patas,18.3,74.22,Sugarcane,3.65,4.73,26.44,79.83,2.67,545,5,7.49,10.46,8.59,9,254,1.08
2024-09-11,Maharashtra,Pune,Daund,Patas,18.3,74.22,Sugarcane,6.64,4.12,26.51,92.18,1.53,545,5,4.73,6.89,5.0,9,255,-2.52
2024-09-12,Maharashtra,Pune,Daund,Patas,18.3,74.22,Sugarcane,11.26,12.75,28.01,86.23,3.67,545,5,4.12,7.49,2.74,9,256,1.49
2024-09-13,Maharashtra,Pune,Daund,Patas,18.3,74.22,Sugarcane,3.82,5.15,28.02,86.9,2.29,545,5,12.75,4.73,0.99,9,257,1.33
2024-09-14,Maharashtra,Pune,Daund,Patas,18.3,74.22,Sugarcane,13.2,16.6,27.88,87.57,2.57,545,5,5.15,4.12,10.46,9,258,3.4
2024-09-15,Maharashtra,Pune,Daund,Patas,18.3,74.22,Sugarcane,3.45,6.03,27.62,79.85,2.35,545,5,16.6,12.75,6.89,9,259,2.58
2024-09-16,Maharashtra,Pune,Daund,Patas,18.3,74.22,Sugarcane,3.08,5.22,27.05,90.33,1.27,545,5,6.03,5.15,7.49,9,260,2.14
2024-09-17,Maharashtra,Pune,Daund,Patas,18.3,74.22,Sugarcane,1.77,7.71,26.56,79.82,2.6,545,5,5.22,16.6,4.73,9,261,5.94
2024-09-18,Maharashtra,Pune,Daund,Patas,18.3,74.22,Sugarcane,4.41,5.8,28.31,79.49,2.56,545,5,7.71,6.03,4.12,9,262,1.39
2024-09-19,Maharashtra,Pune,Daund,Patas,18.3,74.22,Sugarcane,0.2,0.48,27.3,69.5,2.72,545,5,5.8,5.22,12.75,9,263,0.28
2024-09-20,Maharashtra,Pune,Daund,Patas,18.3,74.22,Sugarcane,0.29,0.0,26.82,80.97,2.87,545,5,0.48,7.71,5.15,9,264,-0.29
2024-09-21,Maharashtra,Pune,Daund,Patas,18.3,74.22,Sugarcane,7.89,8.2,28.44,79.6,3.0,545,5,0.0,5.8,16.6,9,265,0.31
2024-09-22,Maharashtra,Pune,Daund,Patas,18.3,74.22,Sugarcane,1.78,4.87,28.02,81.8,2.57,545,5,8.2,0.48,6.03,9,266,3.09
2024-09-23,Maharashtra,Pune,Daund,Patas,18.3,74.22,Sugarcane,3.33,5.8,27.71,80.81,3.07,545,5,4.87,0.0,5.22,9,267,2.47
2024-09-24,Maharashtra,Pune,Daund,Patas,18.3,74.22,Sugarcane,0.49,5.63,26.98,77.09,3.01,545,5,5.8,8.2,7.71,9,268,5.14
2024-09-25,Maharashtra,Pune,Daund,Patas,18.3,74.22,Sugarcane,0.1,2.7,25.25,72.22,3.28,545,5,5.63,4.87,5.8,9,269,2.6
2024-09-26,Maharashtra,Pune,Daund,Patas,18.3,74.22,Sugarcane,6.39,10.02,27.4,85.89,2.15,545,5,2.7,5.8,0.48,9,270,3.63
2024-09-27,Maharashtra,Pune,Daund,Patas,18.3,74.22,Sugarcane,3.01,7.4,28.28,85.13,2.07,545,5,10.02,5.63,0.0,9,271,4.39
2024-09-28,Maharashtra,Pune,Daund,Patas,18.3,74.22,Sugarcane,0.87,3.82,27.42,74.51,2.74,545,5,7.4,2.7,8.2,9,272,2.95
2024-09-29,Maharashtra,Pune,Daund,Patas,18.3,74.22,Sugarcane,0.71,5.33,28.3,79.68,1.29,545,5,3.82,10.02,4.87,9,273,4.62
2024-09-30,Maharashtra,Pune,Daund,Patas,18.3,74.22,Sugarcane,3.02,3.15,27.08,85.28,2.89,545,5,5.33,7.4,5.8,9,274,0.13
2024-06-01,Maharashtra,Pune,Daund,Yavat,18.28,74.25,Sugarcane,0.73,0.22,24.55,76.62,3.23,550,5,,,,6,153,-0.51
2024-06-02,Maharashtra,Pune,Daund,Yavat,18.28,74.25,Sugarcane,4.11,5.18,25.58,97.03,2.95,550,5,0.22,,,6,154,1.07
2024-06-03,Maharashtra,Pune,Daund,Yavat,18.28,74.25,Sugarcane,2.69,3.29,24.63,77.09,2.39,550,5,5.18,,,6,155,0.6
2024-06-04,Maharashtra,Pune,Daund,Yavat,18.28,74.25,Sugarcane,9.79,11.34,23.98,93.09,2.36,550,5,3.29,0.22,,6,156,1.55
2024-06-05,Maharashtra,Pune,Daund,Yavat,18.28,74.25,Sugarcane,0.22,4.15,23.18,72.97,2.31,550,5,11.34,5.18,,6,157,3.93
2024-06-06,Maharashtra,Pune,Daund,Yavat,18.28,74.25,Sugarcane,4.98,5.19,25.43,80.11,2.83,550,5,4.15,3.29,,6,158,0.21
2024-06-07,Maharashtra,Pune,Daund,Yavat,18.28,74.25,Sugarcane,0.71,4.1,25.14,80.54,1.97,550,5,5.19,11.34,,6,159,3.39
2024-06-08,Maharashtra,Pune,Daund,Yavat,18.28,74.25,Sugarcane,1.13,0.0,25.89,82.64,3.09,550,5,4.1,4.15,0.22,6,160,-1.13
2024-06-09,Maharashtra,Pune,Daund,Yavat,18.28,74.25,Sugarcane,1.33,2.78,24.16,73.74,2.92,550,5,0.0,5.19,5.18,6,161,1.45
2024-06-10,Maharashtra,Pune,Daund,Yavat,18.28,74.25,Sugarcane,5.09,8.32,25.43,88.15,2.86,550,5,2.78,4.1,3.29,6,162,3.23
2024-06-11,Maharashtra,Pune,Daund,Yavat,18.28,74.25,Sugarcane,7.1,10.93,24.26,84.03,2.37,550,5,8.32,0.0,11.34,6,163,3.83
2024-06-12,Maharashtra,Pune,Daund,Yavat,18.28,74.25,Sugarcane,2.35,5.49,25.48,78.11,1.81,550,5,10.93,2.78,4.15,6,164,3.14
2024-06-13,Maharashtra,Pune,Daund,Yavat,18.28,74.25,Sugarcane,7.6,7.44,25.12,78.15,2.43,550,5,5.49,8.32,5.19,6,165,-0.16
2024-06-14,Maharashtra,Pune,Daund,Yavat,18.28,74.25,Sugarcane,2.56,7.6,24.5,81.9,4.15,550,5,7.44,10.93,4.1,6,166,5.04
2024-06-15,Maharashtra,Pune,Daund,Yavat,18.28,74.25,Sugarcane,7.79,7.4,24.4,83.71,1.85,550,5,7.6,5.49,0.0,6,167,-0.39
2024-06-16,Maharashtra,Pune,Daund,Yavat,18.28,74.25,Sugarcane,1.47,3.14,25.74,72.81,1.85,550,5,7.4,7.44,2.78,6,168,1.67
2024-06-17,Maharashtra,Pune,Daund,Yavat,18.28,74.25,Sugarcane,2.82,8.37,25.61,72.93,2.73,550,5,3.14,7.6,8.32,6,169,5.55
2024-06-18,Maharashtra,Pune,Daund,Yavat,18.28,74.25,Sugarcane,5.48,4.93,26.73,78.29,2.93,550,5,8.37,7.4,10.93,6,170,-0.55
2024-06-19,Maharashtra,Pune,Daund,Yavat,18.28,74.25,Sugarcane,4.14,9.43,25.94,78.73,3.28,550,5,4.93,3.14,5.49,6,171,5.29
2024-06-20,Maharashtra,Pune,Daund,Yavat,18.28,74.25,Sugarcane,1.76,1.05,24.87,78.32,2.69,550,5,9.43,8.37,7.44,6,172,-0.71
2024-06-21,Maharashtra,Pune,Daund,Yavat,18.28,74.25,Sugarcane,0.32,0.56,26.54,74.98,1.5,550,5,1.05,4.93,7.6,6,173,0.24
2024-06-22,Maharashtra,Pune,Daund,Yavat,18.28,74.25,Sugarcane,3.88,8.3,25.7,80.05,2.87,550,5,0.56,9.43,7.4,6,174,4.42
2024-06-23,Maharashtra,Pune,Daund,Yavat,18.28,74.25,Sugarcane,1.13,3.82,24.97,72.96,3.07,550,5,8.3,1.05,3.14,6,175,2.69
2024-06-24,Maharashtra,Pune,Daund,Yavat,18.28,74.25,Sugarcane,5.97,6.61,25.16,90.27,3.12,550,5,3.82,0.56,8.37,6,176,0.64
2024-06-25,Maharashtra,Pune,Daund,Yavat,18.28,74.25,Sugarcane,2.45,1.61,25.37,79.36,2.76,550,5,6.61,8.3,4.93,6,177,-0.84
2024-06-26,Maharashtra,Pune,Daund,Yavat,18.28,74.25,Sugarcane,3.5,5.54,25.77,79.02,2.06,550,5,1.61,3.82,9.43,6,178,2.04
2024-06-27,Maharashtra,Pune,Daund,Yavat,18.28,74.25,Sugarcane,4.87,7.14,25.11,77.84,2.72,550,5,5.54,6.61,1.05,6,179,2.27
2024-06-28,Maharashtra,Pune,Daund,Yavat,18.28,74.25,Sugarcane,12.77,13.82,26.14,86.78,3.45,550,5,7.14,1.61,0.56,6,180,1.05
2024-06-29,Maharashtra,Pune,Daund,Yavat,18.28,74.25,Sugarcane,4.82,6.36,25.66,87.03,2.24,550,5,13.82,5.54,8.3,6,181,1.54
2024-06-30,Maharashtra,Pune,Daund,Yavat,18.28,74.25,Sugarcane,4.75,5.14,26.22,82.8,1.16,550,5,6.36,7.14,3.82,6,182,0.39
2024-07-01,Maharashtra,Pune,Daund,Yavat,18.28,74.25,Sugarcane,5.27,7.4,26.15,83.36,3.47,550,5,5.14,13.82,6.61,7,183,2.13
2024-07-02,Maharashtra,Pune,Daund,Yavat,18.28,74.25,Sugarcane,1.0,4.21,26.51,79.04,4.6,550,5,7.4,6.36,1.61,7,184,3.21
2024-07-03,Maharashtra,Pune,Daund,Yavat,18.28,74.25,Sugarcane,7.37,8.63,25.52,83.59,2.97,550,5,4.21,5.14,5.54,7,185,1.26
2024-07-04,Maharashtra,Pune,Daund,Yavat,18.28,74.25,Sugarcane,6.29,7.74,26.0,82.83,2.98,550,5,8.63,7.4,7.14,7,186,1.45
2024-07-05,Maharashtra,Pune,Daund,Yavat,18.28,74.25,Sugarcane,9.06,12.46,25.86,88.75,2.25,550,5,7.74,4.21,13.82,7,187,3.4
2024-07-06,Maharashtra,Pune,Daund,Yavat,18.28,74.25,Sugarcane,15.25,17.48,26.78,90.8,2.34,550,5,12.46,8.63,6.36,7,188,2.23
2024-07-07,Maharashtra,Pune,Daund,Yavat,18.28,74.25,Sugarcane,3.46,4.45,27.18,77.76,2.85,550,5,17.48,7.74,5.14,7,189,0.99
2024-07-08,Maharashtra,Pune,Daund,Yavat,18.28,74.25,Sugarcane,6.14,9.05,25.46,85.88,1.99,550,5,4.45,12.46,7.4,7,190,2.91
2024-07-09,Maharashtra,Pune,Daund,Yavat,18.28,74.25,Sugarcane,4.69,6.81,27.14,78.4,1.91,550,5,9.05,17.48,4.21,7,191,2.12
2024-07-10,Maharashtra,Pune,Daund,Yavat,18.28,74.25,Sugarcane,7.11,4.12,27.94,86.65,2.96,550,5,6.81,4.45,8.63,7,192,-2.99
2024-07-11,Maharashtra,Pune,Daund,Yavat,18.28,74.25,Sugarcane,4.14,7.37,26.18,83.15,2.22,550,5,4.12,9.05,7.74,7,193,3.23
2024-07-12,Maharashtra,Pune,Daund,Yavat,18.28,74.25,Sugarcane,6.04,9.64,25.79,92.23,4.19,550,5,7.37,6.81,12.46,7,194,3.6
2024-07-13,Maharashtra,Pune,Daund,Yavat,18.28,74.25,Sugarcane,17.44,19.14,27.48,96.54,1.16,550,5,9.64,4.12,17.48,7,195,1.7
2024-07-14,Maharashtra,Pune,Daund,Yavat,18.28,74.25,Sugarcane,16.25,18.06,25.84,93.15,0.94,550,5,19.14,7.37,4.45,7,196,1.81
2024-07-15,Maharashtra,Pune,Daund,Yavat,18.28,74.25,Sugarcane,11.16,13.61,26.15,83.68,2.59,550,5,18.06,9.64,9.05,7,197,2.45
2024-07-16,Maharashtra,Pune,Daund,Yavat,18.28,74.25,Sugarcane,3.61,2.95,26.25,70.78,0.65,550,5,13.61,19.14,6.81,7,198,-0.66
2024-07-17,Maharashtra,Pune,Daund,Yavat,18.28,74.25,Sugarcane,20.3,22.36,26.24,99.0,3.1,550,5,2.95,18.06,4.12,7,199,2.06
2024-07-18,Maharashtra,Pune,Daund,Yavat,18.28,74.25,Sugarcane,3.02,4.87,26.46,77.52,2.63,550,5,22.36,13.61,7.37,7,200,1.85
2024-07-19,Maharashtra,Pune,Daund,Yavat,18.28,74.25,Sugarcane,1.69,2.62,26.99,83.56,2.27,550,5,4.87,2.95,9.64,7,201,0.93
2024-07-20,Maharashtra,Pune,Daund,Yavat,18.28,74.25,Sugarcane,11.62,12.55,26.96,97.64,0.83,550,5,2.62,22.36,19.14,7,202,0.93
2024-07-21,Maharashtra,Pune,Daund,Yavat,18.28,74.25,Sugarcane,4.9,5.21,26.82,83.21,2.55,550,5,12.55,4.87,18.06,7,203,0.31
2024-07-22,Maharashtra,Pune,Daund,Yavat,18.28,74.25,Sugarcane,18.59,23.12,26.76,95.34,2.22,550,5,5.21,2.62,13.61,7,204,4.53
2024-07-23,Maharashtra,Pune,Daund,Yavat,18.28,74.25,Sugarcane,1.35,2.45,26.57,79.62,1.49,550,5,23.12,12.55,2.95,7,205,1.1
2024-07-24,Maharashtra,Pune,Daund,Yavat,18.28,74.25,Sugarcane,10.85,15.04,26.8,91.54,2.54,550,5,2.45,5.21,22.36,7,206,4.19
2024-07-25,Maharashtra,Pune,Daund,Yavat,18.28,74.25,Sugarcane,10.74,9.29,27.82,88.54,3.03,550,5,15.04,23.12,4.87,7,207,-1.45
2024-07-26,Maharashtra,Pune,Daund,Yavat,18.28,74.25,Sugarcane,10.41,10.46,27.6,87.28,3.15,550,5,9.29,2.45,2.62,7,208,0.05
2024-07-27,Maharashtra,Pune,Daund,Yavat,18.28,74.25,Sugarcane,4.82,7.54,27.38,80.29,2.59,550,5,10.46,15.04,12.55,7,209,2.72
2024-07-28,Maharashtra,Pune,Daund,Yavat,18.28,74.25,Sugarcane,15.45,18.39,27.24,95.04,3.78,550,5,7.54,9.29,5.21,7,210,2.94
2024-07-29,Maharashtra,Pune,Daund,Yavat,18.28,74.25,Sugarcane,15.71,18.02,26.75,94.16,2.65,550,5,18.39,10.46,23.12,7,211,2.31
2024-07-30,Maharashtra,Pune,Daund,Yavat,18.28,74.25,Sugarcane,12.3,11.95,27.95,90.4,1.61,550,5,18.02,7.54,2.45,7,212,-0.35
2024-07-31,Maharashtra,Pune,Daund,Yavat,18.28,74.25,Sugarcane,17.59,20.0,27.79,99.0,3.52,550,5,11.95,18.39,15.04,7,213,2.41
2024-08-01,Maharashtra,Pune,Daund,Yavat,18.28,74.25,Sugarcane,11.42,17.31,28.07,87.66,1.58,550,5,20.0,18.02,9.29,8,214,5.89
2024-08-02,Maharashtra,Pune,Daund,Yavat,18.28,74.25,Sugarcane,9.63,12.16,27.87,85.29,1.51,550,5,17.31,11.95,10.46,8,215,2.53
2024-08-03,Maharashtra,Pune,Daund,Yavat,18.28,74.25,Sugarcane,8.62,10.79,26.44,85.33,2.97,550,5,12.16,20.0,7.54,8,216,2.17
2024-08-04,Maharashtra,Pune,Daund,Yavat,18.28,74.25,Sugarcane,10.25,9.79,27.41,90.55,2.72,550,5,10.79,17.31,18.39,8,217,-0.46
2024-08-05,Maharashtra,Pune,Daund,Yavat,18.28,74.25,Sugarcane,3.45,8.33,27.57,73.61,2.56,550,5,9.79,12.16,18.02,8,218,4.88
2024-08-06,Maharashtra,Pune,Daund,Yavat,18.28,74.25,Sugarcane,26.87,28.81,27.29,99.0,2.56,550,5,8.33,10.79,11.95,8,219,1.94
2024-08-07,Maharashtra,Pune,Daund,Yavat,18.28,74.25,Sugarcane,14.89,19.32,27.39,92.47,1.86,550,5,28.81,9.79,20.0,8,220,4.43
2024-08-08,Maharashtra,Pune,Daund,Yavat,18.28,74.25,Sugarcane,0.41,6.39,27.81,79.24,2.07,550,5,19.32,8.33,17.31,8,221,5.98
2024-08-09,Maharashtra,Pune,Daund,Yavat,18.28,74.25,Sugarcane,4.45,10.34,28.55,84.56,2.43,550,5,6.39,28.81,12.16,8,222,5.89
2024-08-10,Maharashtra,Pune,Daund,Yavat,18.28,74.25,Sugarcane,6.86,5.83,26.74,84.43,2.17,550,5,10.34,19.32,10.79,8,223,-1.03
2024-08-11,Maharashtra,Pune,Daund,Yavat,18.28,74.25,Sugarcane,0.81,2.05,26.73,75.49,2.14,550,5,5.83,6.39,9.79,8,224,1.24
2024-08-12,Maharashtra,Pune,Daund,Yavat,18.28,74.25,Sugarcane,2.83,0.9,26.18,79.41,2.48,550,5,2.05,10.34,8.33,8,225,-1.93
2024-08-13,Maharashtra,Pune,Daund,Yavat,18.28,74.25,Sugarcane,7.87,7.91,27.58,83.68,3.64,550,5,0.9,5.83,28.81,8,226,0.04
2024-08-14,Maharashtra,Pune,Daund,Yavat,18.28,74.25,Sugarcane,3.87,10.69,27.46,82.87,2.92,550,5,7.91,2.05,19.32,8,227,6.82
2024-08-15,Maharashtra,Pune,Daund,Yavat,18.28,74.25,Sugarcane,10.06,12.32,27.68,85.77,2.66,550,5,10.69,0.9,6.39,8,228,2.26
2024-08-16,Maharashtra,Pune,Daund,Yavat,18.28,74.25,Sugarcane,23.86,26.34,28.23,99.0,2.19,550,5,12.32,7.91,10.34,8,229,2.48
2024-08-17,Maharashtra,Pune,Daund,Yavat,18.28,74.25,Sugarcane,11.59,11.92,27.3,98.63,2.48,550,5,26.34,10.69,5.83,8,230,0.33
2024-08-18,Maharashtra,Pune,Daund,Yavat,18.28,74.25,Sugarcane,20.61,22.98,27.44,99.0,3.49,550,5,11.92,12.32,2.05,8,231,2.37
2024-08-19,Maharashtra,Pune,Daund,Yavat,18.28,74.25,Sugarcane,1.5,5.21,27.57,75.83,3.21,550,5,22.98,26.34,0.9,8,232,3.71
2024-08-20,Maharashtra,Pune,Daund,Yavat,18.28,74.25,Sugarcane,12.52,14.82,26.82,87.44,2.5,550,5,5.21,11.92,7.91,8,233,2.3
2024-08-21,Maharashtra,Pune,Daund,Yavat,18.28,74.25,Sugarcane,5.11,5.55,26.93,83.95,0.83,550,5,14.82,22.98,10.69,8,234,0.44
2024-08-22,Maharashtra,Pune,Daund,Yavat,18.28,74.25,Sugarcane,1.5,4.21,26.42,77.92,3.71,550,5,5.55,5.21,12.32,8,235,2.71
2024-08-23,Maharashtra,Pune,Daund,Yavat,18.28,74.25,Sugarcane,17.67,20.14,27.0,92.43,2.31,550,5,4.21,14.82,26.34,8,236,2.47
2024-08-24,Maharashtra,Pune,Daund,Yavat,18.28,74.25,Sugarcane,13.0,13.45,28.19,82.63,1.8,550,5,20.14,5.55,11.92,8,237,0.45
2024-08-25,Maharashtra,Pune,Daund,Yavat,18.28,74.25,Sugarcane,1.87,3.33,27.6,77.54,2.42,550,5,13.45,4.21,22.98,8,238,1.46
2024-08-26,Maharashtra,Pune,Daund,Yavat,18.28,74.25,Sugarcane,7.54,8.84,27.98,88.35,1.96,550,5,3.33,20.14,5.21,8,239,1.3
2024-08-27,Maharashtra,Pune,Daund,Yavat,18.28,74.25,Sugarcane,4.33,4.0,28.96,75.84,2.12,550,5,8.84,13.45,14.82,8,240,-0.33
2024-08-28,Maharashtra,Pune,Daund,Yavat,18.28,74.25,Sugarcane,1.51,2.38,27.35,76.33,2.48,550,5,4.0,3.33,5.55,8,241,0.87
2024-08-29,Maharashtra,Pune,Daund,Yavat,18.28,74.25,Sugarcane,3.19,0.0,27.74,79.9,3.23,550,5,2.38,8.84,4.21,8,242,-3.19
2024-08-30,Maharashtra,Pune,Daund,Yavat,18.28,74.25,Sugarcane,12.69,16.2,26.93,94.3,1.94,550,5,0.0,4.0,20.14,8,243,3.51
2024-08-31,Maharashtra,Pune,Daund,Yavat,18.28,74.25,Sugarcane,1.02,5.7,27.82,83.22,1.8,550,5,16.2,2.38,13.45,8,244,4.68
2024-09-01,Maharashtra,Pune,Daund,Yavat,18.28,74.25,Sugarcane,10.27,12.6,27.84,90.97,2.6,550,5,5.7,0.0,3.33,9,245,2.33
2024-09-02,Maharashtra,Pune,Daund,Yavat,18.28,74.25,Sugarcane,1.86,7.2,27.28,70.9,2.8,550,5,12.6,16.2,8.84,9,246,5.34
2024-09-03,Maharashtra,Pune,Daund,Yavat,18.28,74.25,Sugarcane,2.97,5.95,27.36,78.48,2.32,550,5,7.2,5.7,4.0,9,247,2.98
2024-09-04,Maharashtra,Pune,Daund,Yavat,18.28,74.25,Sugarcane,13.15,12.55,26.83,92.33,1.5,550,5,5.95,12.6,2.38,9,248,-0.6
2024-09-05,Maharashtra,Pune,Daund,Yavat,18.28,74.25,Sugarcane,0.49,3.74,27.4,77.77,2.55,550,5,12.55,7.2,0.0,9,249,3.25
2024-09-06,Maharashtra,Pune,Daund,Yavat,18.28,74.25,Sugarcane,6.78,3.45,27.48,86.21,2.07,550,5,3.74,5.95,16.2,9,250,-3.33
2024-09-07,Maharashtra,Pune,Daund,Yavat,18.28,74.25,Sugarcane,4.06,6.09,28.7,85.38,2.31,550,5,3.45,12.55,5.7,9,251,2.03
2024-09-08,Maharashtra,Pune,Daund,Yavat,18.28,74.25,Sugarcane,3.16,6.33,27.4,74.38,2.58,550,5,6.09,3.74,12.6,9,252,3.17
2024-09-09,Maharashtra,Pune,Daund,Yavat,18.28,74.25,Sugarcane,4.39,9.05,27.6,90.38,2.59,550,5,6.33,3.45,7.2,9,253,4.66
2024-09-10,Maharashtra,Pune,Daund,Yavat,18.28,74.25,Sugarcane,0.72,1.85,28.02,73.07,2.16,550,5,9.05,6.09,5.95,9,254,1.13
2024-09-11,Maharashtra,Pune,Daund,Yavat,18.28,74.25,Sugarcane,3.13,6.63,28.04,84.42,2.14,550,5,1.85,6.33,12.55,9,255,3.5
2024-09-12,Maharashtra,Pune,Daund,Yavat,18.28,74.25,Sugarcane,9.66,8.76,26.72,87.63,3.36,550,5,6.63,9.05,3.74,9,256,-0.9
2024-09-13,Maharashtra,Pune,Daund,Yavat,18.28,74.25,Sugarcane,1.86,3.3,27.96,76.32,1.97,550,5,8.76,1.85,3.45,9,257,1.44
2024-09-14,Maharashtra,Pune,Daund,Yavat,18.28,74.25,Sugarcane,0.63,4.86,27.6,73.8,3.39,550,5,3.3,6.63,6.09,9,258,4.23
2024-09-15,Maharashtra,Pune,Daund,Yavat,18.28,74.25,Sugarcane,1.83,6.51,27.56,72.2,4.23,550,5,4.86,8.76,6.33,9,259,4.68
2024-09-16,Maharashtra,Pune,Daund,Yavat,18.28,74.25,Sugarcane,4.79,8.58,27.99,87.0,1.87,550,5,6.51,3.3,9.05,9,260,3.79
2024-09-17,Maharashtra,Pune,Daund,Yavat,18.28,74.25,Sugarcane,4.43,7.64,27.46,82.45,2.28,550,5,8.58,4.86,1.85,9,261,3.21
2024-09-18,Maharashtra,Pune,Daund,Yavat,18.28,74.25,Sugarcane,2.52,5.97,28.5,76.8,2.84,550,5,7.64,6.51,6.63,9,262,3.45
2024-09-19,Maharashtra,Pune,Daund,Yavat,18.28,74.25,Sugarcane,4.71,3.53,26.52,78.53,0.69,550,5,5.97,8.58,8.76,9,263,-1.18
2024-09-20,Maharashtra,Pune,Daund,Yavat,18.28,74.25,Sugarcane,9.61,11.42,25.88,80.23,2.4,550,5,3.53,7.64,3.3,9,264,1.81
2024-09-21,Maharashtra,Pune,Daund,Yavat,18.28,74.25,Sugarcane,13.4,17.01,27.05,92.31,3.37,550,5,11.42,5.97,4.86,9,265,3.61
2024-09-22,Maharashtra,Pune,Daund,Yavat,18.28,74.25,Sugarcane,2.1,6.81,27.39,82.89,1.85,550,5,17.01,3.53,6.51,9,266,4.71
2024-09-23,Maharashtra,Pune,Daund,Yavat,18.28,74.25,Sugarcane,9.03,11.78,27.43,84.82,2.4,550,5,6.81,11.42,8.58,9,267,2.75
2024-09-24,Maharashtra,Pune,Daund,Yavat,18.28,74.25,Sugarcane,1.81,3.28,26.26,71.46,1.02,550,5,11.78,17.01,7.64,9,268,1.47
2024-09-25,Maharashtra,Pune,Daund,Yavat,18.28,74.25,Sugarcane,4.86,7.34,27.37,81.57,2.75,550,5,3.28,6.81,5.97,9,269,2.48
2024-09-26,Maharashtra,Pune,Daund,Yavat,18.28,74.25,Sugarcane,3.2,4.43,27.55,86.4,3.75,550,5,7.34,11.78,3.53,9,270,1.23
2024-09-27,Maharashtra,Pune,Daund,Yavat,18.28,74.25,Sugarcane,0.47,0.0,28.28,80.62,2.68,550,5,4.43,3.28,11.42,9,271,-0.47
2024-09-28,Maharashtra,Pune,Daund,Yavat,18.28,74.25,Sugarcane,3.08,7.38,28.0,81.52,2.12,550,5,0.0,7.34,17.01,9,272,4.3
2024-09-29,Maharashtra,Pune,Daund,Yavat,18.28,74.25,Sugarcane,4.99,6.49,26.91,86.53,3.73,550,5,7.38,4.43,6.81,9,273,1.5
2024-09-30,Maharashtra,Pune,Daund,Yavat,18.28,74.25,Sugarcane,1.09,3.67,27.46,75.22,3.91,550,5,6.49,0.0,11.78,9,274,2.58
2024-06-01,Maharashtra,Pune,Baramati,Baramati,18.15,74.58,Sugarcane,3.25,8.51,24.37,79.54,1.4,540,4,,,,6,153,5.26
2024-06-02,Maharashtra,Pune,Baramati,Baramati,18.15,74.58,Sugarcane,1.91,5.16,25.03,77.19,2.32,540,4,8.51,,,6,154,3.25
2024-06-03,Maharashtra,Pune,Baramati,Baramati,18.15,74.58,Sugarcane,4.5,6.66,25.27,74.28,2.95,540,4,5.16,,,6,155,2.16
2024-06-04,Maharashtra,Pune,Baramati,Baramati,18.15,74.58,Sugarcane,0.23,0.0,25.83,71.65,1.08,540,4,6.66,8.51,,6,156,-0.23
2024-06-05,Maharashtra,Pune,Baramati,Baramati,18.15,74.58,Sugarcane,2.78,1.52,25.24,71.36,1.57,540,4,0.0,5.16,,6,157,-1.26
2024-06-06,Maharashtra,Pune,Baramati,Baramati,18.15,74.58,Sugarcane,1.35,5.69,25.69,77.01,0.46,540,4,1.52,6.66,,6,158,4.34
2024-06-07,Maharashtra,Pune,Baramati,Baramati,18.15,74.58,Sugarcane,3.66,7.88,25.29,75.63,1.98,540,4,5.69,0.0,,6,159,4.22
2024-06-08,Maharashtra,Pune,Baramati,Baramati,18.15,74.58,Sugarcane,11.23,10.68,25.67,87.75,1.45,540,4,7.88,1.52,8.51,6,160,-0.55
2024-06-09,Maharashtra,Pune,Baramati,Baramati,18.15,74.58,Sugarcane,8.92,9.9,24.26,94.89,2.38,540,4,10.68,5.69,5.16,6,161,0.98
2024-06-10,Maharashtra,Pune,Baramati,Baramati,18.15,74.58,Sugarcane,8.36,9.07,24.75,91.82,3.57,540,4,9.9,7.88,6.66,6,162,0.71
2024-06-11,Maharashtra,Pune,Baramati,Baramati,18.15,74.58,Sugarcane,0.17,1.68,24.44,77.25,1.32,540,4,9.07,10.68,0.0,6,163,1.51
2024-06-12,Maharashtra,Pune,Baramati,Baramati,18.15,74.58,Sugarcane,1.75,2.5,25.16,74.04,3.66,540,4,1.68,9.9,1.52,6,164,0.75
2024-06-13,Maharashtra,Pune,Baramati,Baramati,18.15,74.58,Sugarcane,4.54,5.97,24.87,88.48,1.94,540,4,2.5,9.07,5.69,6,165,1.43
2024-06-14,Maharashtra,Pune,Baramati,Baramati,18.15,74.58,Sugarcane,2.49,1.76,25.8,81.32,3.42,540,4,5.97,1.68,7.88,6,166,-0.73
2024-06-15,Maharashtra,Pune,Baramati,Baramati,18.15,74.58,Sugarcane,6.46,7.99,24.75,92.19,1.18,540,4,1.76,2.5,10.68,6,167,1.53
2024-06-16,Maharashtra,Pune,Baramati,Baramati,18.15,74.58,Sugarcane,0.48,5.48,25.53,80.58,0.8,540,4,7.99,5.97,9.9,6,168,5.0
2024-06-17,Maharashtra,Pune,Baramati,Baramati,18.15,74.58,Sugarcane,1.86,5.17,24.37,73.12,2.81,540,4,5.48,1.76,9.07,6,169,3.31
2024-06-18,Maharashtra,Pune,Baramati,Baramati,18.15,74.58,Sugarcane,7.75,10.64,25.88,84.44,1.52,540,4,5.17,7.99,1.68,6,170,2.89
2024-06-19,Maharashtra,Pune,Baramati,Baramati,18.15,74.58,Sugarcane,5.39,8.93,25.77,77.79,2.95,540,4,10.64,5.48,2.5,6,171,3.54
2024-06-20,Maharashtra,Pune,Baramati,Baramati,18.15,74.58,Sugarcane,3.32,4.48,25.11,83.53,1.27,540,4,8.93,5.17,5.97,6,172,1.16
2024-06-21,Maharashtra,Pune,Baramati,Baramati,18.15,74.58,Sugarcane,1.06,6.04,26.38,70.71,3.48,540,4,4.48,10.64,1.76,6,173,4.98
2024-06-22,Maharashtra,Pune,Baramati,Baramati,18.15,74.58,Sugarcane,10.16,6.87,25.64,92.69,3.67,540,4,6.04,8.93,7.99,6,174,-3.29
2024-06-23,Maharashtra,Pune,Baramati,Baramati,18.15,74.58,Sugarcane,1.3,0.0,25.49,75.89,3.32,540,4,6.87,4.48,5.48,6,175,-1.3
2024-06-24,Maharashtra,Pune,Baramati,Baramati,18.15,74.58,Sugarcane,10.15,9.2,26.4,90.22,1.06,540,4,0.0,6.04,5.17,6,176,-0.95
2024-06-25,Maharashtra,Pune,Baramati,Baramati,18.15,74.58,Sugarcane,0.13,1.52,24.94,75.33,2.69,540,4,9.2,6.87,10.64,6,177,1.39
2024-06-26,Maharashtra,Pune,Baramati,Baramati,18.15,74.58,Sugarcane,3.38,8.9,26.59,78.72,2.16,540,4,1.52,0.0,8.93,6,178,5.52
2024-06-27,Maharashtra,Pune,Baramati,Baramati,18.15,74.58,Sugarcane,5.18,7.58,25.01,81.94,1.47,540,4,8.9,9.2,4.48,6,179,2.4
2024-06-28,Maharashtra,Pune,Baramati,Baramati,18.15,74.58,Sugarcane,0.99,2.86,26.13,69.14,1.92,540,4,7.58,1.52,6.04,6,180,1.87
2024-06-29,Maharashtra,Pune,Baramati,Baramati,18.15,74.58,Sugarcane,5.83,3.27,26.18,84.46,3.43,540,4,2.86,8.9,6.87,6,181,-2.56
2024-06-30,Maharashtra,Pune,Baramati,Baramati,18.15,74.58,Sugarcane,1.91,1.67,25.31,81.24,0.23,540,4,3.27,7.58,0.0,6,182,-0.24
2024-07-01,Maharashtra,Pune,Baramati,Baramati,18.15,74.58,Sugarcane,2.48,4.24,26.75,72.41,1.12,540,4,1.67,2.86,9.2,7,183,1.76
2024-07-02,Maharashtra,Pune,Baramati,Baramati,18.15,74.58,Sugarcane,12.61,14.56,25.39,91.53,1.48,540,4,4.24,3.27,1.52,7,184,1.95
2024-07-03,Maharashtra,Pune,Baramati,Baramati,18.15,74.58,Sugarcane,6.3,2.98,25.04,89.78,1.58,540,4,14.56,1.67,8.9,7,185,-3.32
2024-07-04,Maharashtra,Pune,Baramati,Baramati,18.15,74.58,Sugarcane,2.82,7.54,26.13,77.77,2.46,540,4,2.98,4.24,7.58,7,186,4.72
2024-07-05,Maharashtra,Pune,Baramati,Baramati,18.15,74.58,Sugarcane,2.13,4.7,26.44,87.08,2.75,540,4,7.54,14.56,2.86,7,187,2.57
2024-07-06,Maharashtra,Pune,Baramati,Baramati,18.15,74.58,Sugarcane,10.97,13.77,25.85,90.74,2.95,540,4,4.7,2.98,3.27,7,188,2.8
2024-07-07,Maharashtra,Pune,Baramati,Baramati,18.15,74.58,Sugarcane,4.52,9.13,27.23,84.48,3.81,540,4,13.77,7.54,1.67,7,189,4.61
2024-07-08,Maharashtra,Pune,Baramati,Baramati,18.15,74.58,Sugarcane,0.67,0.44,26.05,79.05,3.39,540,4,9.13,4.7,4.24,7,190,-0.23
2024-07-09,Maharashtra,Pune,Baramati,Baramati,18.15,74.58,Sugarcane,1.09,3.04,26.36,80.73,5.15,540,4,0.44,13.77,14.56,7,191,1.95
2024-07-10,Maharashtra,Pune,Baramati,Baramati,18.15,74.58,Sugarcane,6.56,5.72,26.31,80.11,2.77,540,4,3.04,9.13,2.98,7,192,-0.84
2024-07-11,Maharashtra,Pune,Baramati,Baramati,18.15,74.58,Sugarcane,6.84,12.55,26.06,83.72,2.91,540,4,5.72,0.44,7.54,7,193,5.71
2024-07-12,Maharashtra,Pune,Baramati,Baramati,18.15,74.58,Sugarcane,9.83,12.44,27.35,85.13,3.13,540,4,12.55,3.04,4.7,7,194,2.61
2024-07-13,Maharashtra,Pune,Baramati,Baramati,18.15,74.58,Sugarcane,10.05,8.46,26.03,91.35,0.28,540,4,12.44,5.72,13.77,7,195,-1.59
2024-07-14,Maharashtra,Pune,Baramati,Baramati,18.15,74.58,Sugarcane,7.34,7.94,26.4,80.51,1.98,540,4,8.46,12.55,9.13,7,196,0.6
2024-07-15,Maharashtra,Pune,Baramati,Baramati,18.15,74.58,Sugarcane,2.84,3.12,26.55,78.28,3.9,540,4,7.94,12.44,0.44,7,197,0.28
2024-07-16,Maharashtra,Pune,Baramati,Baramati,18.15,74.58,Sugarcane,3.21,3.81,26.37,73.04,1.14,540,4,3.12,8.46,3.04,7,198,0.6
2024-07-17,Maharashtra,Pune,Baramati,Baramati,18.15,74.58,Sugarcane,1.11,5.02,25.57,75.14,1.31,540,4,3.81,7.94,5.72,7,199,3.91
2024-07-18,Maharashtra,Pune,Baramati,Baramati,18.15,74.58,Sugarcane,3.79,4.64,26.83,86.37,2.77,540,4,5.02,3.12,12.55,7,200,0.85
2024-07-19,Maharashtra,Pune,Baramati,Baramati,18.15,74.58,Sugarcane,2.15,2.25,27.19,80.64,1.31,540,4,4.64,3.81,12.44,7,201,0.1
2024-07-20,Maharashtra,Pune,Baramati,Baramati,18.15,74.58,Sugarcane,5.98,8.82,27.52,85.08,2.16,540,4,2.25,5.02,8.46,7,202,2.84
2024-07-21,Maharashtra,Pune,Baramati,Baramati,18.15,74.58,Sugarcane,11.29,10.4,24.74,89.27,1.74,540,4,8.82,4.64,7.94,7,203,-0.89
2024-07-22,Maharashtra,Pune,Baramati,Baramati,18.15,74.58,Sugarcane,7.45,7.9,27.34,80.82,2.73,540,4,10.4,2.25,3.12,7,204,0.45
2024-07-23,Maharashtra,Pune,Baramati,Baramati,18.15,74.58,Sugarcane,2.89,5.83,27.71,79.84,1.75,540,4,7.9,8.82,3.81,7,205,2.94
2024-07-24,Maharashtra,Pune,Baramati,Baramati,18.15,74.58,Sugarcane,3.28,2.99,26.95,78.39,2.32,540,4,5.83,10.4,5.02,7,206,-0.29
2024-07-25,Maharashtra,Pune,Baramati,Baramati,18.15,74.58,Sugarcane,1.64,4.43,27.79,70.8,2.7,540,4,2.99,7.9,4.64,7,207,2.79
2024-07-26,Maharashtra,Pune,Baramati,Baramati,18.15,74.58,Sugarcane,13.31,14.23,26.48,92.3,2.6,540,4,4.43,5.83,2.25,7,208,0.92
2024-07-27,Maharashtra,Pune,Baramati,Baramati,18.15,74.58,Sugarcane,6.0,5.58,27.47,85.08,2.56,540,4,14.23,2.99,8.82,7,209,-0.42
2024-07-28,Maharashtra,Pune,Baramati,Baramati,18.15,74.58,Sugarcane,6.15,6.65,28.11,80.44,3.29,540,4,5.58,4.43,10.4,7,210,0.5
2024-07-29,Maharashtra,Pune,Baramati,Baramati,18.15,74.58,Sugarcane,15.28,20.35,27.57,90.82,2.1,540,4,6.65,14.23,7.9,7,211,5.07
2024-07-30,Maharashtra,Pune,Baramati,Baramati,18.15,74.58,Sugarcane,14.39,14.02,27.17,94.08,1.99,540,4,20.35,5.58,5.83,7,212,-0.37
2024-07-31,Maharashtra,Pune,Baramati,Baramati,18.15,74.58,Sugarcane,31.17,32.79,28.13,99.0,3.21,540,4,14.02,6.65,2.99,7,213,1.62
2024-08-01,Maharashtra,Pune,Baramati,Baramati,18.15,74.58,Sugarcane,0.57,4.42,28.42,73.59,1.69,540,4,32.79,20.35,4.43,8,214,3.85
2024-08-02,Maharashtra,Pune,Baramati,Baramati,18.15,74.58,Sugarcane,9.65,10.86,27.96,85.4,0.83,540,4,4.42,14.02,14.23,8,215,1.21
2024-08-03,Maharashtra,Pune,Baramati,Baramati,18.15,74.58,Sugarcane,1.13,0.0,27.17,71.78,3.71,540,4,10.86,32.79,5.58,8,216,-1.13
2024-08-04,Maharashtra,Pune,Baramati,Baramati,18.15,74.58,Sugarcane,1.58,3.84,26.73,76.66,3.84,540,4,0.0,4.42,6.65,8,217,2.26
2024-08-05,Maharashtra,Pune,Baramati,Baramati,18.15,74.58,Sugarcane,3.46,3.33,28.23,67.1,2.05,540,4,3.84,10.86,20.35,8,218,-0.13
2024-08-06,Maharashtra,Pune,Baramati,Baramati,18.15,74.58,Sugarcane,5.35,8.82,28.29,76.77,4.07,540,4,3.33,0.0,14.02,8,219,3.47
2024-08-07,Maharashtra,Pune,Baramati,Baramati,18.15,74.58,Sugarcane,0.87,2.92,27.12,75.41,2.37,540,4,8.82,3.84,32.79,8,220,2.05
2024-08-08,Maharashtra,Pune,Baramati,Baramati,18.15,74.58,Sugarcane,6.66,7.94,26.95,79.13,1.75,540,4,2.92,3.33,4.42,8,221,1.28
2024-08-09,Maharashtra,Pune,Baramati,Baramati,18.15,74.58,Sugarcane,1.35,3.96,27.6,85.51,0.63,540,4,7.94,8.82,10.86,8,222,2.61
2024-08-10,Maharashtra,Pune,Baramati,Baramati,18.15,74.58,Sugarcane,8.18,11.56,28.03,85.16,2.54,540,4,3.96,2.92,0.0,8,223,3.38
2024-08-11,Maharashtra,Pune,Baramati,Baramati,18.15,74.58,Sugarcane,2.33,0.32,28.09,78.7,2.01,540,4,11.56,7.94,3.84,8,224,-2.01
2024-08-12,Maharashtra,Pune,Baramati,Baramati,18.15,74.58,Sugarcane,4.15,8.49,29.83,85.86,1.95,540,4,0.32,3.96,3.33,8,225,4.34
2024-08-13,Maharashtra,Pune,Baramati,Baramati,18.15,74.58,Sugarcane,9.03,8.93,26.7,86.58,3.05,540,4,8.49,11.56,8.82,8,226,-0.1
2024-08-14,Maharashtra,Pune,Baramati,Baramati,18.15,74.58,Sugarcane,8.52,13.11,26.61,95.64,1.17,540,4,8.93,0.32,2.92,8,227,4.59
2024-08-15,Maharashtra,Pune,Baramati,Baramati,18.15,74.58,Sugarcane,0.21,0.0,27.59,75.95,2.24,540,4,13.11,8.49,7.94,8,228,-0.21
2024-08-16,Maharashtra,Pune,Baramati,Baramati,18.15,74.58,Sugarcane,1.93,3.05,28.4,77.6,1.63,540,4,0.0,8.93,3.96,8,229,1.12
2024-08-17,Maharashtra,Pune,Baramati,Baramati,18.15,74.58,Sugarcane,0.47,0.0,26.69,78.67,0.98,540,4,3.05,13.11,11.56,8,230,-0.47
2024-08-18,Maharashtra,Pune,Baramati,Baramati,18.15,74.58,Sugarcane,15.09,16.76,26.92,97.17,2.4,540,4,0.0,0.0,0.32,8,231,1.67
2024-08-19,Maharashtra,Pune,Baramati,Baramati,18.15,74.58,Sugarcane,2.28,0.67,26.51,74.26,2.68,540,4,16.76,3.05,8.49,8,232,-1.61
2024-08-20,Maharashtra,Pune,Baramati,Baramati,18.15,74.58,Sugarcane,4.76,4.67,28.07,81.26,1.65,540,4,0.67,0.0,8.93,8,233,-0.09
2024-08-21,Maharashtra,Pune,Baramati,Baramati,18.15,74.58,Sugarcane,6.71,7.2,27.71,83.53,2.28,540,4,4.67,16.76,13.11,8,234,0.49
2024-08-22,Maharashtra,Pune,Baramati,Baramati,18.15,74.58,Sugarcane,3.03,4.93,27.12,75.56,2.21,540,4,7.2,0.67,0.0,8,235,1.9
2024-08-23,Maharashtra,Pune,Baramati,Baramati,18.15,74.58,Sugarcane,8.71,9.39,27.29,88.99,0.48,540,4,4.93,4.67,3.05,8,236,0.68
2024-08-24,Maharashtra,Pune,Baramati,Baramati,18.15,74.58,Sugarcane,9.03,7.95,27.33,95.52,3.74,540,4,9.39,7.2,0.0,8,237,-1.08
2024-08-25,Maharashtra,Pune,Baramati,Baramati,18.15,74.58,Sugarcane,8.3,6.33,27.81,83.77,1.75,540,4,7.95,4.93,16.76,8,238,-1.97
2024-08-26,Maharashtra,Pune,Baramati,Baramati,18.15,74.58,Sugarcane,5.12,8.61,26.34,82.45,1.7,540,4,6.33,9.39,0.67,8,239,3.49
2024-08-27,Maharashtra,Pune,Baramati,Baramati,18.15,74.58,Sugarcane,2.85,2.37,27.81,78.58,1.87,540,4,8.61,7.95,4.67,8,240,-0.48
2024-08-28,Maharashtra,Pune,Baramati,Baramati,18.15,74.58,Sugarcane,2.63,2.84,27.7,78.04,1.91,540,4,2.37,6.33,7.2,8,241,0.21
2024-08-29,Maharashtra,Pune,Baramati,Baramati,18.15,74.58,Sugarcane,14.73,15.71,27.8,89.57,2.05,540,4,2.84,8.61,4.93,8,242,0.98
2024-08-30,Maharashtra,Pune,Baramati,Baramati,18.15,74.58,Sugarcane,3.02,5.55,27.34,78.21,1.95,540,4,15.71,2.37,9.39,8,243,2.53
2024-08-31,Maharashtra,Pune,Baramati,Baramati,18.15,74.58,Sugarcane,30.9,28.51,26.57,99.0,3.47,540,4,5.55,2.84,7.95,8,244,-2.39
2024-09-01,Maharashtra,Pune,Baramati,Baramati,18.15,74.58,Sugarcane,1.93,5.17,27.56,77.28,2.54,540,4,28.51,15.71,6.33,9,245,3.24
2024-09-02,Maharashtra,Pune,Baramati,Baramati,18.15,74.58,Sugarcane,8.49,8.89,27.56,94.11,2.6,540,4,5.17,5.55,8.61,9,246,0.4
2024-09-03,Maharashtra,Pune,Baramati,Baramati,18.15,74.58,Sugarcane,8.32,10.61,27.75,89.57,2.97,540,4,8.89,28.51,2.37,9,247,2.29
2024-09-04,Maharashtra,Pune,Baramati,Baramati,18.15,74.58,Sugarcane,4.99,7.51,27.62,80.75,4.54,540,4,10.61,5.17,2.84,9,248,2.52
2024-09-05,Maharashtra,Pune,Baramati,Baramati,18.15,74.58,Sugarcane,1.44,8.33,26.99,74.84,2.39,540,4,7.51,8.89,15.71,9,249,6.89
2024-09-06,Maharashtra,Pune,Baramati,Baramati,18.15,74.58,Sugarcane,1.45,2.13,28.11,72.43,0.95,540,4,8.33,10.61,5.55,9,250,0.68
2024-09-07,Maharashtra,Pune,Baramati,Baramati,18.15,74.58,Sugarcane,2.96,7.75,26.57,75.4,2.73,540,4,2.13,7.51,28.51,9,251,4.79
2024-09-08,Maharashtra,Pune,Baramati,Baramati,18.15,74.58,Sugarcane,1.96,7.79,26.93,77.56,2.23,540,4,7.75,8.33,5.17,9,252,5.83
2024-09-09,Maharashtra,Pune,Baramati,Baramati,18.15,74.58,Sugarcane,6.71,6.8,27.39,83.14,3.0,540,4,7.79,2.13,8.89,9,253,0.09
2024-09-10,Maharashtra,Pune,Baramati,Baramati,18.15,74.58,Sugarcane,0.86,1.09,27.6,72.39,1.36,540,4,6.8,7.75,10.61,9,254,0.23
2024-09-11,Maharashtra,Pune,Baramati,Baramati,18.15,74.58,Sugarcane,1.29,2.21,26.9,80.33,1.77,540,4,1.09,7.79,7.51,9,255,0.92
2024-09-12,Maharashtra,Pune,Baramati,Baramati,18.15,74.58,Sugarcane,1.24,4.97,27.72,77.09,1.25,540,4,2.21,6.8,8.33,9,256,3.73
2024-09-13,Maharashtra,Pune,Baramati,Baramati,18.15,74.58,Sugarcane,0.85,5.21,27.93,73.57,1.95,540,4,4.97,1.09,2.13,9,257,4.36
2024-09-14,Maharashtra,Pune,Baramati,Baramati,18.15,74.58,Sugarcane,1.31,3.98,27.34,85.9,3.4,540,4,5.21,2.21,7.75,9,258,2.67
2024-09-15,Maharashtra,Pune,Baramati,Baramati,18.15,74.58,Sugarcane,9.39,10.3,27.94,85.87,3.7,540,4,3.98,4.97,7.79,9,259,0.91
2024-09-16,Maharashtra,Pune,Baramati,Baramati,18.15,74.58,Sugarcane,4.63,6.63,28.72,75.82,3.87,540,4,10.3,5.21,6.8,9,260,2.0
2024-09-17,Maharashtra,Pune,Baramati,Baramati,18.15,74.58,Sugarcane,2.61,2.86,26.32,81.75,1.57,540,4,6.63,3.98,1.09,9,261,0.25
2024-09-18,Maharashtra,Pune,Baramati,Baramati,18.15,74.58,Sugarcane,3.62,4.02,27.27,75.13,2.09,540,4,2.86,10.3,2.21,9,262,0.4
2024-09-19,Maharashtra,Pune,Baramati,Baramati,18.15,74.58,Sugarcane,2.32,3.98,27.53,77.1,2.82,540,4,4.02,6.63,4.97,9,263,1.66
2024-09-20,Maharashtra,Pune,Baramati,Baramati,18.15,74.58,Sugarcane,0.99,3.48,26.59,80.1,2.39,540,4,3.98,2.86,5.21,9,264,2.49
2024-09-21,Maharashtra,Pune,Baramati,Baramati,18.15,74.58,Sugarcane,0.2,0.0,27.87,75.25,3.88,540,4,3.48,4.02,3.98,9,265,-0.2
2024-09-22,Maharashtra,Pune,Baramati,Baramati,18.15,74.58,Sugarcane,6.96,4.66,26.83,79.46,3.86,540,4,0.0,3.98,10.3,9,266,-2.3
2024-09-23,Maharashtra,Pune,Baramati,Baramati,18.15,74.58,Sugarcane,2.77,3.95,27.21,79.19,3.29,540,4,4.66,3.48,6.63,9,267,1.18
2024-09-24,Maharashtra,Pune,Baramati,Baramati,18.15,74.58,Sugarcane,3.65,8.64,27.1,78.56,0.2,540,4,3.95,0.0,2.86,9,268,4.99
2024-09-25,Maharashtra,Pune,Baramati,Baramati,18.15,74.58,Sugarcane,4.68,6.63,27.0,79.32,2.1,540,4,8.64,4.66,4.02,9,269,1.95
2024-09-26,Maharashtra,Pune,Baramati,Baramati,18.15,74.58,Sugarcane,3.98,5.27,27.91,80.46,2.0,540,4,6.63,3.95,3.98,9,270,1.29
2024-09-27,Maharashtra,Pune,Baramati,Baramati,18.15,74.58,Sugarcane,3.09,5.3,26.14,75.59,0.79,540,4,5.27,8.64,3.48,9,271,2.21
2024-09-28,Maharashtra,Pune,Baramati,Baramati,18.15,74.58,Sugarcane,2.1,3.62,27.64,87.93,2.72,540,4,5.3,6.63,0.0,9,272,1.52
2024-09-29,Maharashtra,Pune,Baramati,Baramati,18.15,74.58,Sugarcane,1.04,2.8,26.71,75.02,3.19,540,4,3.62,5.27,4.66,9,273,1.76
2024-09-30,Maharashtra,Pune,Baramati,Baramati,18.15,74.58,Sugarcane,5.63,5.75,26.8,85.16,3.31,540,4,2.8,5.3,3.95,9,274,0.12
2024-06-01,Maharashtra,Pune,Baramati,Nimbut,18.12,74.62,Onion,14.52,15.43,25.1,90.69,2.29,535,4,,,,6,153,0.91
2024-06-02,Maharashtra,Pune,Baramati,Nimbut,18.12,74.62,Onion,1.48,3.46,24.61,82.86,2.4,535,4,15.43,,,6,154,1.98
2024-06-03,Maharashtra,Pune,Baramati,Nimbut,18.12,74.62,Onion,0.49,0.0,23.93,79.13,2.2,535,4,3.46,,,6,155,-0.49
2024-06-04,Maharashtra,Pune,Baramati,Nimbut,18.12,74.62,Onion,5.22,6.47,24.49,86.09,2.94,535,4,0.0,15.43,,6,156,1.25
2024-06-05,Maharashtra,Pune,Baramati,Nimbut,18.12,74.62,Onion,4.3,5.31,25.81,76.99,1.54,535,4,6.47,3.46,,6,157,1.01
2024-06-06,Maharashtra,Pune,Baramati,Nimbut,18.12,74.62,Onion,4.81,7.69,24.99,86.06,2.35,535,4,5.31,0.0,,6,158,2.88
2024-06-07,Maharashtra,Pune,Baramati,Nimbut,18.12,74.62,Onion,2.7,3.12,24.47,81.14,2.38,535,4,7.69,6.47,,6,159,0.42
2024-06-08,Maharashtra,Pune,Baramati,Nimbut,18.12,74.62,Onion,1.72,6.64,24.71,76.17,1.03,535,4,3.12,5.31,15.43,6,160,4.92
2024-06-09,Maharashtra,Pune,Baramati,Nimbut,18.12,74.62,Onion,2.57,5.98,25.14,82.91,2.98,535,4,6.64,7.69,3.46,6,161,3.41
2024-06-10,Maharashtra,Pune,Baramati,Nimbut,18.12,74.62,Onion,6.87,11.75,24.99,78.94,2.93,535,4,5.98,3.12,0.0,6,162,4.88
2024-06-11,Maharashtra,Pune,Baramati,Nimbut,18.12,74.62,Onion,5.49,9.79,26.52,85.06,2.58,535,4,11.75,6.64,6.47,6,163,4.3
2024-06-12,Maharashtra,Pune,Baramati,Nimbut,18.12,74.62,Onion,0.48,1.12,25.36,76.8,2.78,535,4,9.79,5.98,5.31,6,164,0.64
2024-06-13,Maharashtra,Pune,Baramati,Nimbut,18.12,74.62,Onion,2.65,0.0,25.39,83.99,3.9,535,4,1.12,11.75,7.69,6,165,-2.65
2024-06-14,Maharashtra,Pune,Baramati,Nimbut,18.12,74.62,Onion,5.61,7.69,25.31,84.85,2.4,535,4,0.0,9.79,3.12,6,166,2.08
2024-06-15,Maharashtra,Pune,Baramati,Nimbut,18.12,74.62,Onion,1.26,0.78,25.72,77.56,2.11,535,4,7.69,1.12,6.64,6,167,-0.48
2024-06-16,Maharashtra,Pune,Baramati,Nimbut,18.12,74.62,Onion,1.68,4.98,24.61,72.87,3.16,535,4,0.78,0.0,5.98,6,168,3.3
2024-06-17,Maharashtra,Pune,Baramati,Nimbut,18.12,74.62,Onion,0.54,5.51,26.58,79.6,2.97,535,4,4.98,7.69,11.75,6,169,4.97
2024-06-18,Maharashtra,Pune,Baramati,Nimbut,18.12,74.62,Onion,16.49,17.3,26.09,94.44,3.39,535,4,5.51,0.78,9.79,6,170,0.81
2024-06-19,Maharashtra,Pune,Baramati,Nimbut,18.12,74.62,Onion,3.14,4.33,25.18,77.58,2.62,535,4,17.3,4.98,1.12,6,171,1.19
2024-06-20,Maharashtra,Pune,Baramati,Nimbut,18.12,74.62,Onion,1.4,4.44,26.37,73.16,1.04,535,4,4.33,5.51,0.0,6,172,3.04
2024-06-21,Maharashtra,Pune,Baramati,Nimbut,18.12,74.62,Onion,3.36,7.63,25.26,81.74,2.98,535,4,4.44,17.3,7.69,6,173,4.27
2024-06-22,Maharashtra,Pune,Baramati,Nimbut,18.12,74.62,Onion,0.6,2.0,25.63,76.81,3.32,535,4,7.63,4.33,0.78,6,174,1.4
2024-06-23,Maharashtra,Pune,Baramati,Nimbut,18.12,74.62,Onion,1.51,3.89,24.31,76.61,3.35,535,4,2.0,4.44,4.98,6,175,2.38
2024-06-24,Maharashtra,Pune,Baramati,Nimbut,18.12,74.62,Onion,5.94,8.92,27.48,80.78,2.72,535,4,3.89,7.63,5.51,6,176,2.98
2024-06-25,Maharashtra,Pune,Baramati,Nimbut,18.12,74.62,Onion,2.29,3.9,27.04,76.62,3.53,535,4,8.92,2.0,17.3,6,177,1.61
2024-06-26,Maharashtra,Pune,Baramati,Nimbut,18.12,74.62,Onion,6.21,9.03,26.07,84.87,2.23,535,4,3.9,3.89,4.33,6,178,2.82
2024-06-27,Maharashtra,Pune,Baramati,Nimbut,18.12,74.62,Onion,1.73,0.1,26.53,73.13,2.23,535,4,9.03,8.92,4.44,6,179,-1.63
2024-06-28,Maharashtra,Pune,Baramati,Nimbut,18.12,74.62,Onion,6.69,4.88,25.92,85.87,2.44,535,4,0.1,3.9,7.63,6,180,-1.81
2024-06-29,Maharashtra,Pune,Baramati,Nimbut,18.12,74.62,Onion,11.33,8.97,26.6,87.45,0.99,535,4,4.88,9.03,2.0,6,181,-2.36
2024-06-30,Maharashtra,Pune,Baramati,Nimbut,18.12,74.62,Onion,3.33,2.54,27.71,76.65,2.47,535,4,8.97,0.1,3.89,6,182,-0.79
2024-07-01,Maharashtra,Pune,Baramati,Nimbut,18.12,74.62,Onion,0.88,2.35,25.08,88.36,2.0,535,4,2.54,4.88,8.92,7,183,1.47
2024-07-02,Maharashtra,Pune,Baramati,Nimbut,18.12,74.62,Onion,2.39,7.75,26.96,74.06,2.57,535,4,2.35,8.97,3.9,7,184,5.36
2024-07-03,Maharashtra,Pune,Baramati,Nimbut,18.12,74.62,Onion,0.25,0.0,25.66,76.28,2.76,535,4,7.75,2.54,9.03,7,185,-0.25
2024-07-04,Maharashtra,Pune,Baramati,Nimbut,18.12,74.62,Onion,3.18,6.36,26.72,74.89,3.76,535,4,0.0,2.35,0.1,7,186,3.18
2024-07-05,Maharashtra,Pune,Baramati,Nimbut,18.12,74.62,Onion,1.7,7.49,26.67,82.17,0.2,535,4,6.36,7.75,4.88,7,187,5.79
2024-07-06,Maharashtra,Pune,Baramati,Nimbut,18.12,74.62,Onion,3.5,7.08,25.5,79.02,0.37,535,4,7.49,0.0,8.97,7,188,3.58
2024-07-07,Maharashtra,Pune,Baramati,Nimbut,18.12,74.62,Onion,6.27,10.27,27.23,81.63,2.82,535,4,7.08,6.36,2.54,7,189,4.0
2024-07-08,Maharashtra,Pune,Baramati,Nimbut,18.12,74.62,Onion,3.51,2.96,26.88,73.65,0.94,535,4,10.27,7.49,2.35,7,190,-0.55
2024-07-09,Maharashtra,Pune,Baramati,Nimbut,18.12,74.62,Onion,3.92,6.21,26.04,88.25,2.53,535,4,2.96,7.08,7.75,7,191,2.29
2024-07-10,Maharashtra,Pune,Baramati,Nimbut,18.12,74.62,Onion,5.57,9.32,26.94,84.46,2.99,535,4,6.21,10.27,0.0,7,192,3.75
2024-07-11,Maharashtra,Pune,Baramati,Nimbut,18.12,74.62,Onion,0.32,1.9,26.44,78.7,2.42,535,4,9.32,2.96,6.36,7,193,1.58
2024-07-12,Maharashtra,Pune,Baramati,Nimbut,18.12,74.62,Onion,7.71,9.43,25.68,86.8,0.9,535,4,1.9,6.21,7.49,7,194,1.72
2024-07-13,Maharashtra,Pune,Baramati,Nimbut,18.12,74.62,Onion,6.41,7.38,27.29,84.61,1.08,535,4,9.43,9.32,7.08,7,195,0.97
2024-07-14,Maharashtra,Pune,Baramati,Nimbut,18.12,74.62,Onion,2.26,0.61,26.78,80.96,2.75,535,4,7.38,1.9,10.27,7,196,-1.65
2024-07-15,Maharashtra,Pune,Baramati,Nimbut,18.12,74.62,Onion,8.14,9.33,25.99,84.01,1.34,535,4,0.61,9.43,2.96,7,197,1.19
2024-07-16,Maharashtra,Pune,Baramati,Nimbut,18.12,74.62,Onion,1.86,3.36,28.93,72.85,2.3,535,4,9.33,7.38,6.21,7,198,1.5
2024-07-17,Maharashtra,Pune,Baramati,Nimbut,18.12,74.62,Onion,0.77,1.82,27.41,75.13,2.25,535,4,3.36,0.61,9.32,7,199,1.05
2024-07-18,Maharashtra,Pune,Baramati,Nimbut,18.12,74.62,Onion,3.16,3.59,26.59,80.09,2.85,535,4,1.82,9.33,1.9,7,200,0.43
2024-07-19,Maharashtra,Pune,Baramati,Nimbut,18.12,74.62,Onion,3.95,2.25,27.28,77.96,3.0,535,4,3.59,3.36,9.43,7,201,-1.7
2024-07-20,Maharashtra,Pune,Baramati,Nimbut,18.12,74.62,Onion,14.66,14.35,26.92,94.98,2.15,535,4,2.25,1.82,7.38,7,202,-0.31
2024-07-21,Maharashtra,Pune,Baramati,Nimbut,18.12,74.62,Onion,2.8,5.54,26.73,72.75,2.77,535,4,14.35,3.59,0.61,7,203,2.74
2024-07-22,Maharashtra,Pune,Baramati,Nimbut,18.12,74.62,Onion,2.21,4.25,25.69,78.97,2.81,535,4,5.54,2.25,9.33,7,204,2.04
2024-07-23,Maharashtra,Pune,Baramati,Nimbut,18.12,74.62,Onion,9.19,6.97,27.94,88.67,1.44,535,4,4.25,14.35,3.36,7,205,-2.22
2024-07-24,Maharashtra,Pune,Baramati,Nimbut,18.12,74.62,Onion,2.2,5.3,26.74,81.94,0.97,535,4,6.97,5.54,1.82,7,206,3.1
2024-07-25,Maharashtra,Pune,Baramati,Nimbut,18.12,74.62,Onion,1.57,1.51,28.17,86.11,2.59,535,4,5.3,4.25,3.59,7,207,-0.06
2024-07-26,Maharashtra,Pune,Baramati,Nimbut,18.12,74.62,Onion,2.71,5.39,26.05,76.96,3.55,535,4,1.51,6.97,2.25,7,208,2.68
2024-07-27,Maharashtra,Pune,Baramati,Nimbut,18.12,74.62,Onion,1.59,3.36,27.37,75.41,2.46,535,4,5.39,5.3,14.35,7,209,1.77
2024-07-28,Maharashtra,Pune,Baramati,Nimbut,18.12,74.62,Onion,9.47,10.96,27.18,93.47,1.96,535,4,3.36,1.51,5.54,7,210,1.49
2024-07-29,Maharashtra,Pune,Baramati,Nimbut,18.12,74.62,Onion,1.05,4.94,27.49,76.87,1.24,535,4,10.96,5.39,4.25,7,211,3.89
2024-07-30,Maharashtra,Pune,Baramati,Nimbut,18.12,74.62,Onion,5.34,4.61,27.1,80.85,1.84,535,4,4.94,3.36,6.97,7,212,-0.73
2024-07-31,Maharashtra,Pune,Baramati,Nimbut,18.12,74.62,Onion,7.19,9.79,26.61,78.04,2.61,535,4,4.61,10.96,5.3,7,213,2.6
2024-08-01,Maharashtra,Pune,Baramati,Nimbut,18.12,74.62,Onion,3.38,8.88,28.72,76.29,2.86,535,4,9.79,4.94,1.51,8,214,5.5
2024-08-02,Maharashtra,Pune,Baramati,Nimbut,18.12,74.62,Onion,12.25,13.27,28.25,90.7,2.5,535,4,8.88,4.61,5.39,8,215,1.02
2024-08-03,Maharashtra,Pune,Baramati,Nimbut,18.12,74.62,Onion,4.43,6.64,27.5,81.13,3.03,535,4,13.27,9.79,3.36,8,216,2.21
2024-08-04,Maharashtra,Pune,Baramati,Nimbut,18.12,74.62,Onion,4.68,7.55,26.84,76.32,1.58,535,4,6.64,8.88,10.96,8,217,2.87
2024-08-05,Maharashtra,Pune,Baramati,Nimbut,18.12,74.62,Onion,7.35,4.82,27.16,89.49,2.04,535,4,7.55,13.27,4.94,8,218,-2.53
2024-08-06,Maharashtra,Pune,Baramati,Nimbut,18.12,74.62,Onion,4.74,8.07,28.16,70.6,3.79,535,4,4.82,6.64,4.61,8,219,3.33
2024-08-07,Maharashtra,Pune,Baramati,Nimbut,18.12,74.62,Onion,9.69,9.86,26.24,87.66,2.18,535,4,8.07,7.55,9.79,8,220,0.17
2024-08-08,Maharashtra,Pune,Baramati,Nimbut,18.12,74.62,Onion,9.72,11.28,27.32,89.76,2.19,535,4,9.86,4.82,8.88,8,221,1.56
2024-08-09,Maharashtra,Pune,Baramati,Nimbut,18.12,74.62,Onion,3.82,8.08,28.27,79.91,0.69,535,4,11.28,8.07,13.27,8,222,4.26
2024-08-10,Maharashtra,Pune,Baramati,Nimbut,18.12,74.62,Onion,4.63,6.1,27.06,81.47,1.57,535,4,8.08,9.86,6.64,8,223,1.47
2024-08-11,Maharashtra,Pune,Baramati,Nimbut,18.12,74.62,Onion,1.07,0.87,27.55,81.1,3.13,535,4,6.1,11.28,7.55,8,224,-0.2
2024-08-12,Maharashtra,Pune,Baramati,Nimbut,18.12,74.62,Onion,10.4,13.58,28.53,90.18,0.93,535,4,0.87,8.08,4.82,8,225,3.18
2024-08-13,Maharashtra,Pune,Baramati,Nimbut,18.12,74.62,Onion,2.96,3.44,28.72,79.3,2.47,535,4,13.58,6.1,8.07,8,226,0.48
2024-08-14,Maharashtra,Pune,Baramati,Nimbut,18.12,74.62,Onion,12.98,15.07,28.23,85.68,2.17,535,4,3.44,0.87,9.86,8,227,2.09
2024-08-15,Maharashtra,Pune,Baramati,Nimbut,18.12,74.62,Onion,10.32,14.99,26.51,81.62,3.02,535,4,15.07,13.58,11.28,8,228,4.67
2024-08-16,Maharashtra,Pune,Baramati,Nimbut,18.12,74.62,Onion,10.49,13.03,28.15,85.33,1.83,535,4,14.99,3.44,8.08,8,229,2.54
2024-08-17,Maharashtra,Pune,Baramati,Nimbut,18.12,74.62,Onion,5.92,5.32,27.5,82.12,2.73,535,4,13.03,15.07,6.1,8,230,-0.6
2024-08-18,Maharashtra,Pune,Baramati,Nimbut,18.12,74.62,Onion,4.85,9.09,27.27,80.65,1.13,535,4,5.32,14.99,0.87,8,231,4.24
2024-08-19,Maharashtra,Pune,Baramati,Nimbut,18.12,74.62,Onion,2.2,4.58,28.08,80.85,4.07,535,4,9.09,13.03,13.58,8,232,2.38
2024-08-20,Maharashtra,Pune,Baramati,Nimbut,18.12,74.62,Onion,2.09,1.72,27.18,74.6,2.47,535,4,4.58,5.32,3.44,8,233,-0.37
2024-08-21,Maharashtra,Pune,Baramati,Nimbut,18.12,74.62,Onion,13.06,15.81,29.17,90.25,1.09,535,4,1.72,9.09,15.07,8,234,2.75
2024-08-22,Maharashtra,Pune,Baramati,Nimbut,18.12,74.62,Onion,11.21,11.44,28.05,89.04,2.25,535,4,15.81,4.58,14.99,8,235,0.23
2024-08-23,Maharashtra,Pune,Baramati,Nimbut,18.12,74.62,Onion,1.09,4.84,27.7,73.99,1.4,535,4,11.44,1.72,13.03,8,236,3.75
2024-08-24,Maharashtra,Pune,Baramati,Nimbut,18.12,74.62,Onion,1.83,4.26,27.13,69.35,2.74,535,4,4.84,15.81,5.32,8,237,2.43
2024-08-25,Maharashtra,Pune,Baramati,Nimbut,18.12,74.62,Onion,1.61,1.83,27.0,78.54,4.29,535,4,4.26,11.44,9.09,8,238,0.22
2024-08-26,Maharashtra,Pune,Baramati,Nimbut,18.12,74.62,Onion,8.47,10.93,26.47,81.68,0.39,535,4,1.83,4.84,4.58,8,239,2.46
2024-08-27,Maharashtra,Pune,Baramati,Nimbut,18.12,74.62,Onion,16.53,19.05,27.79,89.63,2.22,535,4,10.93,4.26,1.72,8,240,2.52
2024-08-28,Maharashtra,Pune,Baramati,Nimbut,18.12,74.62,Onion,16.95,17.56,26.47,99.0,2.34,535,4,19.05,1.83,15.81,8,241,0.61
2024-08-29,Maharashtra,Pune,Baramati,Nimbut,18.12,74.62,Onion,0.35,0.0,27.61,77.24,2.0,535,4,17.56,10.93,11.44,8,242,-0.35
2024-08-30,Maharashtra,Pune,Baramati,Nimbut,18.12,74.62,Onion,8.21,12.07,27.45,98.03,1.95,535,4,0.0,19.05,4.84,8,243,3.86
2024-08-31,Maharashtra,Pune,Baramati,Nimbut,18.12,74.62,Onion,1.47,2.79,26.49,78.94,0.88,535,4,12.07,17.56,4.26,8,244,1.32
2024-09-01,Maharashtra,Pune,Baramati,Nimbut,18.12,74.62,Onion,4.75,5.72,28.11,90.91,1.54,535,4,2.79,0.0,1.83,9,245,0.97
2024-09-02,Maharashtra,Pune,Baramati,Nimbut,18.12,74.62,Onion,3.46,3.46,27.18,83.45,2.01,535,4,5.72,12.07,10.93,9,246,0.0
2024-09-03,Maharashtra,Pune,Baramati,Nimbut,18.12,74.62,Onion,20.36,20.08,27.42,97.23,3.04,535,4,3.46,2.79,19.05,9,247,-0.28
2024-09-04,Maharashtra,Pune,Baramati,Nimbut,18.12,74.62,Onion,0.41,0.96,28.15,81.42,3.5,535,4,20.08,5.72,17.56,9,248,0.55
2024-09-05,Maharashtra,Pune,Baramati,Nimbut,18.12,74.62,Onion,6.17,9.5,26.86,76.03,2.75,535,4,0.96,3.46,0.0,9,249,3.33
2024-09-06,Maharashtra,Pune,Baramati,Nimbut,18.12,74.62,Onion,1.17,3.14,27.83,81.15,3.07,535,4,9.5,20.08,12.07,9,250,1.97
2024-09-07,Maharashtra,Pune,Baramati,Nimbut,18.12,74.62,Onion,4.48,6.43,27.23,80.59,4.49,535,4,3.14,0.96,2.79,9,251,1.95
2024-09-08,Maharashtra,Pune,Baramati,Nimbut,18.12,74.62,Onion,4.36,4.68,28.34,84.27,3.01,535,4,6.43,9.5,5.72,9,252,0.32
2024-09-09,Maharashtra,Pune,Baramati,Nimbut,18.12,74.62,Onion,4.42,8.7,27.82,80.84,3.12,535,4,4.68,3.14,3.46,9,253,4.28
2024-09-10,Maharashtra,Pune,Baramati,Nimbut,18.12,74.62,Onion,1.26,2.89,26.39,80.82,1.63,535,4,8.7,6.43,20.08,9,254,1.63
2024-09-11,Maharashtra,Pune,Baramati,Nimbut,18.12,74.62,Onion,2.13,3.95,27.35,78.29,2.35,535,4,2.89,4.68,0.96,9,255,1.82
2024-09-12,Maharashtra,Pune,Baramati,Nimbut,18.12,74.62,Onion,2.15,6.05,26.1,77.76,2.02,535,4,3.95,8.7,9.5,9,256,3.9
2024-09-13,Maharashtra,Pune,Baramati,Nimbut,18.12,74.62,Onion,4.94,5.68,27.49,86.21,2.67,535,4,6.05,2.89,3.14,9,257,0.74
2024-09-14,Maharashtra,Pune,Baramati,Nimbut,18.12,74.62,Onion,0.78,4.29,26.7,76.63,2.39,535,4,5.68,3.95,6.43,9,258,3.51
2024-09-15,Maharashtra,Pune,Baramati,Nimbut,18.12,74.62,Onion,2.19,3.1,27.84,75.56,2.82,535,4,4.29,6.05,4.68,9,259,0.91
2024-09-16,Maharashtra,Pune,Baramati,Nimbut,18.12,74.62,Onion,6.73,8.36,26.87,79.5,3.23,535,4,3.1,5.68,8.7,9,260,1.63
2024-09-17,Maharashtra,Pune,Baramati,Nimbut,18.12,74.62,Onion,1.74,7.01,26.92,77.1,3.71,535,4,8.36,4.29,2.89,9,261,5.27
2024-09-18,Maharashtra,Pune,Baramati,Nimbut,18.12,74.62,Onion,2.68,1.96,26.31,78.55,2.69,535,4,7.01,3.1,3.95,9,262,-0.72
2024-09-19,Maharashtra,Pune,Baramati,Nimbut,18.12,74.62,Onion,4.02,5.79,26.15,82.66,2.53,535,4,1.96,8.36,6.05,9,263,1.77
2024-09-20,Maharashtra,Pune,Baramati,Nimbut,18.12,74.62,Onion,13.03,12.88,27.38,90.32,2.75,535,4,5.79,7.01,5.68,9,264,-0.15
2024-09-21,Maharashtra,Pune,Baramati,Nimbut,18.12,74.62,Onion,2.99,1.45,27.57,85.12,2.46,535,4,12.88,1.96,4.29,9,265,-1.54
2024-09-22,Maharashtra,Pune,Baramati,Nimbut,18.12,74.62,Onion,5.74,8.01,26.79,83.67,3.37,535,4,1.45,5.79,3.1,9,266,2.27
2024-09-23,Maharashtra,Pune,Baramati,Nimbut,18.12,74.62,Onion,4.49,5.3,27.19,80.91,2.36,535,4,8.01,12.88,8.36,9,267,0.81
2024-09-24,Maharashtra,Pune,Baramati,Nimbut,18.12,74.62,Onion,2.82,1.81,27.78,76.48,2.11,535,4,5.3,1.45,7.01,9,268,-1.01
2024-09-25,Maharashtra,Pune,Baramati,Nimbut,18.12,74.62,Onion,10.91,13.79,27.55,88.43,4.0,535,4,1.81,8.01,1.96,9,269,2.88
2024-09-26,Maharashtra,Pune,Baramati,Nimbut,18.12,74.62,Onion,5.23,4.17,27.65,82.05,1.26,535,4,13.79,5.3,5.79,9,270,-1.06
2024-09-27,Maharashtra,Pune,Baramati,Nimbut,18.12,74.62,Onion,3.78,6.58,27.53,78.1,2.91,535,4,4.17,1.81,12.88,9,271,2.8
2024-09-28,Maharashtra,Pune,Baramati,Nimbut,18.12,74.62,Onion,1.48,2.15,27.98,76.65,3.5,535,4,6.58,13.79,1.45,9,272,0.67
2024-09-29,Maharashtra,Pune,Baramati,Nimbut,18.12,74.62,Onion,9.57,5.46,27.89,86.11,1.71,535,4,2.15,4.17,8.01,9,273,-4.11
2024-09-30,Maharashtra,Pune,Baramati,Nimbut,18.12,74.62,Onion,1.27,5.6,27.24,82.66,2.8,535,4,5.46,6.58,5.3,9,274,4.33
2024-06-01,Maharashtra,Pune,Baramati,Songaon,18.18,74.55,Sugarcane,1.61,4.5,25.26,81.92,2.19,545,4,,,,6,153,2.89
2024-06-02,Maharashtra,Pune,Baramati,Songaon,18.18,74.55,Sugarcane,2.68,3.67,23.94,75.99,2.21,545,4,4.5,,,6,154,0.99
2024-06-03,Maharashtra,Pune,Baramati,Songaon,18.18,74.55,Sugarcane,4.17,3.22,24.36,79.57,3.04,545,4,3.67,,,6,155,-0.95
2024-06-04,Maharashtra,Pune,Baramati,Songaon,18.18,74.55,Sugarcane,1.36,0.3,25.16,76.99,1.88,545,4,3.22,4.5,,6,156,-1.06
2024-06-05,Maharashtra,Pune,Baramati,Songaon,18.18,74.55,Sugarcane,1.88,1.63,24.28,83.27,2.46,545,4,0.3,3.67,,6,157,-0.25
2024-06-06,Maharashtra,Pune,Baramati,Songaon,18.18,74.55,Sugarcane,4.5,6.2,24.68,84.73,3.33,545,4,1.63,3.22,,6,158,1.7
2024-06-07,Maharashtra,Pune,Baramati,Songaon,18.18,74.55,Sugarcane,6.3,10.68,24.72,80.54,2.26,545,4,6.2,0.3,,6,159,4.38
2024-06-08,Maharashtra,Pune,Baramati,Songaon,18.18,74.55,Sugarcane,5.35,6.6,25.6,82.97,1.94,545,4,10.68,1.63,4.5,6,160,1.25
2024-06-09,Maharashtra,Pune,Baramati,Songaon,18.18,74.55,Sugarcane,1.23,2.83,24.1,80.86,2.02,545,4,6.6,6.2,3.67,6,161,1.6
2024-06-10,Maharashtra,Pune,Baramati,Songaon,18.18,74.55,Sugarcane,2.29,2.1,24.77,85.83,2.51,545,4,2.83,10.68,3.22,6,162,-0.19
2024-06-11,Maharashtra,Pune,Baramati,Songaon,18.18,74.55,Sugarcane,1.15,0.0,24.78,74.85,2.22,545,4,2.1,6.6,0.3,6,163,-1.15
2024-06-12,Maharashtra,Pune,Baramati,Songaon,18.18,74.55,Sugarcane,6.74,4.71,24.65,80.67,2.52,545,4,0.0,2.83,1.63,6,164,-2.03
2024-06-13,Maharashtra,Pune,Baramati,Songaon,18.18,74.55,Sugarcane,0.65,2.5,25.17,83.15,2.39,545,4,4.71,2.1,6.2,6,165,1.85
2024-06-14,Maharashtra,Pune,Baramati,Songaon,18.18,74.55,Sugarcane,4.28,3.3,24.88,89.88,2.91,545,4,2.5,0.0,10.68,6,166,-0.98
2024-06-15,Maharashtra,Pune,Baramati,Songaon,18.18,74.55,Sugarcane,3.91,7.49,24.4,74.42,1.95,545,4,3.3,4.71,6.6,6,167,3.58
2024-06-16,Maharashtra,Pune,Baramati,Songaon,18.18,74.55,Sugarcane,13.39,14.25,24.93,85.5,2.46,545,4,7.49,2.5,2.83,6,168,0.86
2024-06-17,Maharashtra,Pune,Baramati,Songaon,18.18,74.55,Sugarcane,3.66,7.25,25.31,82.62,1.84,545,4,14.25,3.3,2.1,6,169,3.59
2024-06-18,Maharashtra,Pune,Baramati,Songaon,18.18,74.55,Sugarcane,5.17,7.86,25.76,82.48,3.04,545,4,7.25,7.49,0.0,6,170,2.69
2024-06-19,Maharashtra,Pune,Baramati,Songaon,18.18,74.55,Sugarcane,0.39,1.61,24.54,74.84,2.1,545,4,7.86,14.25,4.71,6,171,1.22
2024-06-20,Maharashtra,Pune,Baramati,Songaon,18.18,74.55,Sugarcane,9.56,13.38,25.81,85.33,2.51,545,4,1.61,7.25,2.5,6,172,3.82
2024-06-21,Maharashtra,Pune,Baramati,Songaon,18.18,74.55,Sugarcane,6.37,7.87,24.49,76.77,2.14,545,4,13.38,7.86,3.3,6,173,1.5
2024-06-22,Maharashtra,Pune,Baramati,Songaon,18.18,74.55,Sugarcane,5.83,5.37,26.41,78.54,1.59,545,4,7.87,1.61,7.49,6,174,-0.46
2024-06-23,Maharashtra,Pune,Baramati,Songaon,18.18,74.55,Sugarcane,1.49,4.49,26.58,81.97,2.4,545,4,5.37,13.38,14.25,6,175,3.0
2024-06-24,Maharashtra,Pune,Baramati,Songaon,18.18,74.55,Sugarcane,8.35,6.47,25.32,82.79,1.89,545,4,4.49,7.87,7.25,6,176,-1.88
2024-06-25,Maharashtra,Pune,Baramati,Songaon,18.18,74.55,Sugarcane,1.19,4.19,27.04,70.52,1.37,545,4,6.47,5.37,7.86,6,177,3.0
2024-06-26,Maharashtra,Pune,Baramati,Songaon,18.18,74.55,Sugarcane,1.51,2.87,25.38,80.68,3.17,545,4,4.19,4.49,1.61,6,178,1.36
2024-06-27,Maharashtra,Pune,Baramati,Songaon,18.18,74.55,Sugarcane,3.66,5.96,25.77,79.43,1.99,545,4,2.87,6.47,13.38,6,179,2.3
2024-06-28,Maharashtra,Pune,Baramati,Songaon,18.18,74.55,Sugarcane,8.29,12.12,26.92,87.78,1.99,545,4,5.96,4.19,7.87,6,180,3.83
2024-06-29,Maharashtra,Pune,Baramati,Songaon,18.18,74.55,Sugarcane,9.16,16.13,26.25,89.78,2.63,545,4,12.12,2.87,5.37,6,181,6.97
2024-06-30,Maharashtra,Pune,Baramati,Songaon,18.18,74.55,Sugarcane,3.54,5.89,26.44,84.86,2.65,545,4,16.13,5.96,4.49,6,182,2.35
2024-07-01,Maharashtra,Pune,Baramati,Songaon,18.18,74.55,Sugarcane,2.44,1.55,27.29,76.76,3.17,545,4,5.89,12.12,6.47,7,183,-0.89
2024-07-02,Maharashtra,Pune,Baramati,Songaon,18.18,74.55,Sugarcane,5.19,6.72,25.62,78.36,3.78,545,4,1.55,16.13,4.19,7,184,1.53
2024-07-03,Maharashtra,Pune,Baramati,Songaon,18.18,74.55,Sugarcane,4.54,9.08,25.93,83.15,2.44,545,4,6.72,5.89,2.87,7,185,4.54
2024-07-04,Maharashtra,Pune,Baramati,Songaon,18.18,74.55,Sugarcane,1.02,3.95,25.92,75.92,2.26,545,4,9.08,1.55,5.96,7,186,2.93
2024-07-05,Maharashtra,Pune,Baramati,Songaon,18.18,74.55,Sugarcane,19.94,22.7,26.13,97.36,2.18,545,4,3.95,6.72,12.12,7,187,2.76
2024-07-06,Maharashtra,Pune,Baramati,Songaon,18.18,74.55,Sugarcane,7.63,9.77,27.12,90.23,3.05,545,4,22.7,9.08,16.13,7,188,2.14
2024-07-07,Maharashtra,Pune,Baramati,Songaon,18.18,74.55,Sugarcane,2.41,5.17,25.83,72.61,0.78,545,4,9.77,3.95,5.89,7,189,2.76
2024-07-08,Maharashtra,Pune,Baramati,Songaon,18.18,74.55,Sugarcane,4.67,4.07,27.18,82.21,3.48,545,4,5.17,22.7,1.55,7,190,-0.6
2024-07-09,Maharashtra,Pune,Baramati,Songaon,18.18,74.55,Sugarcane,6.21,8.89,26.96,81.26,1.25,545,4,4.07,9.77,6.72,7,191,2.68
2024-07-10,Maharashtra,Pune,Baramati,Songaon,18.18,74.55,Sugarcane,4.93,8.94,26.25,88.82,0.7,545,4,8.89,5.17,9.08,7,192,4.01
2024-07-11,Maharashtra,Pune,Baramati,Songaon,18.18,74.55,Sugarcane,5.16,9.23,27.58,78.63,2.27,545,4,8.94,4.07,3.95,7,193,4.07
2024-07-12,Maharashtra,Pune,Baramati,Songaon,18.18,74.55,Sugarcane,3.03,5.28,25.71,79.19,2.81,545,4,9.23,8.89,22.7,7,194,2.25
2024-07-13,Maharashtra,Pune,Baramati,Songaon,18.18,74.55,Sugarcane,3.75,7.58,27.17,76.34,1.36,545,4,5.28,8.94,9.77,7,195,3.83
2024-07-14,Maharashtra,Pune,Baramati,Songaon,18.18,74.55,Sugarcane,1.57,0.68,27.08,78.98,3.03,545,4,7.58,9.23,5.17,7,196,-0.89
2024-07-15,Maharashtra,Pune,Baramati,Songaon,18.18,74.55,Sugarcane,3.42,7.02,26.35,80.85,1.16,545,4,0.68,5.28,4.07,7,197,3.6
2024-07-16,Maharashtra,Pune,Baramati,Songaon,18.18,74.55,Sugarcane,2.63,2.96,27.35,69.83,1.95,545,4,7.02,7.58,8.89,7,198,0.33
2024-07-17,Maharashtra,Pune,Baramati,Songaon,18.18,74.55,Sugarcane,4.12,3.55,27.29,85.18,1.82,545,4,2.96,0.68,8.94,7,199,-0.57
2024-07-18,Maharashtra,Pune,Baramati,Songaon,18.18,74.55,Sugarcane,3.37,2.17,26.54,85.15,2.82,545,4,3.55,7.02,9.23,7,200,-1.2
2024-07-19,Maharashtra,Pune,Baramati,Songaon,18.18,74.55,Sugarcane,4.29,7.21,27.44,78.92,3.63,545,4,2.17,2.96,5.28,7,201,2.92
2024-07-20,Maharashtra,Pune,Baramati,Songaon,18.18,74.55,Sugarcane,14.66,14.73,26.22,92.28,2.45,545,4,7.21,3.55,7.58,7,202,0.07
2024-07-21,Maharashtra,Pune,Baramati,Songaon,18.18,74.55,Sugarcane,0.41,4.74,27.38,73.78,1.76,545,4,14.73,2.17,0.68,7,203,4.33
2024-07-22,Maharashtra,Pune,Baramati,Songaon,18.18,74.55,Sugarcane,6.84,9.49,27.43,88.57,1.49,545,4,4.74,7.21,7.02,7,204,2.65
2024-07-23,Maharashtra,Pune,Baramati,Songaon,18.18,74.55,Sugarcane,6.45,8.01,27.65,87.63,3.52,545,4,9.49,14.73,2.96,7,205,1.56
2024-07-24,Maharashtra,Pune,Baramati,Songaon,18.18,74.55,Sugarcane,7.8,9.05,25.86,90.72,2.14,545,4,8.01,4.74,3.55,7,206,1.25
2024-07-25,Maharashtra,Pune,Baramati,Songaon,18.18,74.55,Sugarcane,8.43,7.71,26.47,92.31,2.63,545,4,9.05,9.49,2.17,7,207,-0.72
2024-07-26,Maharashtra,Pune,Baramati,Songaon,18.18,74.55,Sugarcane,2.91,6.84,27.8,73.62,3.71,545,4,7.71,8.01,7.21,7,208,3.93
2024-07-27,Maharashtra,Pune,Baramati,Songaon,18.18,74.55,Sugarcane,12.36,11.74,27.91,92.74,1.23,545,4,6.84,9.05,14.73,7,209,-0.62
2024-07-28,Maharashtra,Pune,Baramati,Songaon,18.18,74.55,Sugarcane,4.38,6.18,26.69,77.22,3.82,545,4,11.74,7.71,4.74,7,210,1.8
2024-07-29,Maharashtra,Pune,Baramati,Songaon,18.18,74.55,Sugarcane,11.55,13.81,28.12,86.47,2.53,545,4,6.18,6.84,9.49,7,211,2.26
2024-07-30,Maharashtra,Pune,Baramati,Songaon,18.18,74.55,Sugarcane,7.37,9.77,26.83,85.1,1.06,545,4,13.81,11.74,8.01,7,212,2.4
2024-07-31,Maharashtra,Pune,Baramati,Songaon,18.18,74.55,Sugarcane,0.09,1.1,27.11,79.43,3.52,545,4,9.77,6.18,9.05,7,213,1.01
2024-08-01,Maharashtra,Pune,Baramati,Songaon,18.18,74.55,Sugarcane,9.29,12.06,27.54,88.11,1.37,545,4,1.1,13.81,7.71,8,214,2.77
2024-08-02,Maharashtra,Pune,Baramati,Songaon,18.18,74.55,Sugarcane,13.05,13.64,27.37,88.5,2.04,545,4,12.06,9.77,6.84,8,215,0.59
2024-08-03,Maharashtra,Pune,Baramati,Songaon,18.18,74.55,Sugarcane,23.34,23.73,27.05,98.9,2.96,545,4,13.64,1.1,11.74,8,216,0.39
2024-08-04,Maharashtra,Pune,Baramati,Songaon,18.18,74.55,Sugarcane,4.44,6.4,27.71,85.18,2.34,545,4,23.73,12.06,6.18,8,217,1.96
2024-08-05,Maharashtra,Pune,Baramati,Songaon,18.18,74.55,Sugarcane,3.85,4.85,28.82,80.64,2.98,545,4,6.4,13.64,13.81,8,218,1.0
2024-08-06,Maharashtra,Pune,Baramati,Songaon,18.18,74.55,Sugarcane,3.15,2.0,27.13,74.95,1.92,545,4,4.85,23.73,9.77,8,219,-1.15
2024-08-07,Maharashtra,Pune,Baramati,Songaon,18.18,74.55,Sugarcane,15.3,18.5,28.53,94.25,3.2,545,4,2.0,6.4,1.1,8,220,3.2
2024-08-08,Maharashtra,Pune,Baramati,Songaon,18.18,74.55,Sugarcane,8.8,12.06,28.78,84.01,1.63,545,4,18.5,4.85,12.06,8,221,3.26
2024-08-09,Maharashtra,Pune,Baramati,Songaon,18.18,74.55,Sugarcane,13.76,11.25,27.04,94.7,2.35,545,4,12.06,2.0,13.64,8,222,-2.51
2024-08-10,Maharashtra,Pune,Baramati,Songaon,18.18,74.55,Sugarcane,6.35,10.14,27.77,85.96,2.53,545,4,11.25,18.5,23.73,8,223,3.79
2024-08-11,Maharashtra,Pune,Baramati,Songaon,18.18,74.55,Sugarcane,8.47,8.38,27.81,89.33,3.32,545,4,10.14,12.06,6.4,8,224,-0.09
2024-08-12,Maharashtra,Pune,Baramati,Songaon,18.18,74.55,Sugarcane,7.65,7.79,27.26,85.94,2.3,545,4,8.38,11.25,4.85,8,225,0.14
2024-08-13,Maharashtra,Pune,Baramati,Songaon,18.18,74.55,Sugarcane,1.34,0.0,25.4,77.08,4.26,545,4,7.79,10.14,2.0,8,226,-1.34
2024-08-14,Maharashtra,Pune,Baramati,Songaon,18.18,74.55,Sugarcane,20.21,22.27,26.57,95.01,1.44,545,4,0.0,8.38,18.5,8,227,2.06
2024-08-15,Maharashtra,Pune,Baramati,Songaon,18.18,74.55,Sugarcane,4.04,6.31,28.08,79.5,2.43,545,4,22.27,7.79,12.06,8,228,2.27
2024-08-16,Maharashtra,Pune,Baramati,Songaon,18.18,74.55,Sugarcane,1.36,0.12,28.08,76.28,0.9,545,4,6.31,0.0,11.25,8,229,-1.24
2024-08-17,Maharashtra,Pune,Baramati,Songaon,18.18,74.55,Sugarcane,4.65,9.74,27.23,84.31,3.27,545,4,0.12,22.27,10.14,8,230,5.09
2024-08-18,Maharashtra,Pune,Baramati,Songaon,18.18,74.55,Sugarcane,1.62,4.49,27.73,79.39,1.34,545,4,9.74,6.31,8.38,8,231,2.87
2024-08-19,Maharashtra,Pune,Baramati,Songaon,18.18,74.55,Sugarcane,7.92,10.38,28.3,88.18,2.68,545,4,4.49,0.12,7.79,8,232,2.46
2024-08-20,Maharashtra,Pune,Baramati,Songaon,18.18,74.55,Sugarcane,8.4,13.16,27.64,86.74,3.15,545,4,10.38,9.74,0.0,8,233,4.76
2024-08-21,Maharashtra,Pune,Baramati,Songaon,18.18,74.55,Sugarcane,2.81,5.56,27.53,74.55,2.8,545,4,13.16,4.49,22.27,8,234,2.75
2024-08-22,Maharashtra,Pune,Baramati,Songaon,18.18,74.55,Sugarcane,14.56,18.36,25.91,91.87,3.87,545,4,5.56,10.38,6.31,8,235,3.8
2024-08-23,Maharashtra,Pune,Baramati,Songaon,18.18,74.55,Sugarcane,3.29,6.58,26.49,80.23,2.45,545,4,18.36,13.16,0.12,8,236,3.29
2024-08-24,Maharashtra,Pune,Baramati,Songaon,18.18,74.55,Sugarcane,18.64,19.64,27.04,94.24,3.3,545,4,6.58,5.56,9.74,8,237,1.0
2024-08-25,Maharashtra,Pune,Baramati,Songaon,18.18,74.55,Sugarcane,4.6,5.33,27.3,79.63,1.39,545,4,19.64,18.36,4.49,8,238,0.73
2024-08-26,Maharashtra,Pune,Baramati,Songaon,18.18,74.55,Sugarcane,3.41,3.65,27.81,81.05,1.95,545,4,5.33,6.58,10.38,8,239,0.24
2024-08-27,Maharashtra,Pune,Baramati,Songaon,18.18,74.55,Sugarcane,3.79,9.79,26.96,76.89,1.55,545,4,3.65,19.64,13.16,8,240,6.0
2024-08-28,Maharashtra,Pune,Baramati,Songaon,18.18,74.55,Sugarcane,10.4,12.64,29.1,88.43,2.96,545,4,9.79,5.33,5.56,8,241,2.24
2024-08-29,Maharashtra,Pune,Baramati,Songaon,18.18,74.55,Sugarcane,6.77,10.65,27.1,89.49,1.93,545,4,12.64,3.65,18.36,8,242,3.88
2024-08-30,Maharashtra,Pune,Baramati,Songaon,18.18,74.55,Sugarcane,2.54,2.45,27.4,69.32,2.21,545,4,10.65,9.79,6.58,8,243,-0.09
2024-08-31,Maharashtra,Pune,Baramati,Songaon,18.18,74.55,Sugarcane,2.42,5.02,27.2,77.07,2.21,545,4,2.45,12.64,19.64,8,244,2.6
2024-09-01,Maharashtra,Pune,Baramati,Songaon,18.18,74.55,Sugarcane,13.21,13.53,26.9,85.92,2.65,545,4,5.02,10.65,5.33,9,245,0.32
2024-09-02,Maharashtra,Pune,Baramati,Songaon,18.18,74.55,Sugarcane,4.86,8.71,29.36,81.54,2.19,545,4,13.53,2.45,3.65,9,246,3.85
2024-09-03,Maharashtra,Pune,Baramati,Songaon,18.18,74.55,Sugarcane,0.77,2.77,28.13,72.37,2.68,545,4,8.71,5.02,9.79,9,247,2.0
2024-09-04,Maharashtra,Pune,Baramati,Songaon,18.18,74.55,Sugarcane,4.73,5.13,28.5,89.88,1.51,545,4,2.77,13.53,12.64,9,248,0.4
2024-09-05,Maharashtra,Pune,Baramati,Songaon,18.18,74.55,Sugarcane,7.2,10.3,26.35,82.54,1.35,545,4,5.13,8.71,10.65,9,249,3.1
2024-09-06,Maharashtra,Pune,Baramati,Songaon,18.18,74.55,Sugarcane,3.05,1.1,27.4,77.61,3.66,545,4,10.3,2.77,2.45,9,250,-1.95
2024-09-07,Maharashtra,Pune,Baramati,Songaon,18.18,74.55,Sugarcane,5.51,6.33,28.73,85.47,1.67,545,4,1.1,5.13,5.02,9,251,0.82
2024-09-08,Maharashtra,Pune,Baramati,Songaon,18.18,74.55,Sugarcane,2.8,3.49,26.43,76.65,3.51,545,4,6.33,10.3,13.53,9,252,0.69
2024-09-09,Maharashtra,Pune,Baramati,Songaon,18.18,74.55,Sugarcane,2.44,4.48,29.17,78.96,3.28,545,4,3.49,1.1,8.71,9,253,2.04
2024-09-10,Maharashtra,Pune,Baramati,Songaon,18.18,74.55,Sugarcane,1.87,3.65,27.06,77.43,3.11,545,4,4.48,6.33,2.77,9,254,1.78
2024-09-11,Maharashtra,Pune,Baramati,Songaon,18.18,74.55,Sugarcane,1.43,4.61,27.01,82.09,2.46,545,4,3.65,3.49,5.13,9,255,3.18
2024-09-12,Maharashtra,Pune,Baramati,Songaon,18.18,74.55,Sugarcane,2.92,3.93,27.83,86.48,2.85,545,4,4.61,4.48,10.3,9,256,1.01
2024-09-13,Maharashtra,Pune,Baramati,Songaon,18.18,74.55,Sugarcane,8.56,10.07,28.41,82.72,3.17,545,4,3.93,3.65,1.1,9,257,1.51
2024-09-14,Maharashtra,Pune,Baramati,Songaon,18.18,74.55,Sugarcane,6.28,7.38,26.85,90.64,2.91,545,4,10.07,4.61,6.33,9,258,1.1
2024-09-15,Maharashtra,Pune,Baramati,Songaon,18.18,74.55,Sugarcane,4.46,6.3,27.64,82.95,2.99,545,4,7.38,3.93,3.49,9,259,1.84
2024-09-16,Maharashtra,Pune,Baramati,Songaon,18.18,74.55,Sugarcane,1.34,3.27,26.28,76.31,1.99,545,4,6.3,10.07,4.48,9,260,1.93
2024-09-17,Maharashtra,Pune,Baramati,Songaon,18.18,74.55,Sugarcane,4.89,2.77,29.07,80.94,2.68,545,4,3.27,7.38,3.65,9,261,-2.12
2024-09-18,Maharashtra,Pune,Baramati,Songaon,18.18,74.55,Sugarcane,0.5,2.34,27.41,68.84,2.46,545,4,2.77,6.3,4.61,9,262,1.84
2024-09-19,Maharashtra,Pune,Baramati,Songaon,18.18,74.55,Sugarcane,6.25,10.36,28.23,80.93,3.68,545,4,2.34,3.27,3.93,9,263,4.11
2024-09-20,Maharashtra,Pune,Baramati,Songaon,18.18,74.55,Sugarcane,3.1,5.06,27.46,69.2,2.25,545,4,10.36,2.77,10.07,9,264,1.96
2024-09-21,Maharashtra,Pune,Baramati,Songaon,18.18,74.55,Sugarcane,0.51,5.45,27.98,75.66,1.59,545,4,5.06,2.34,7.38,9,265,4.94
2024-09-22,Maharashtra,Pune,Baramati,Songaon,18.18,74.55,Sugarcane,1.4,1.77,25.71,81.79,3.6,545,4,5.45,10.36,6.3,9,266,0.37
2024-09-23,Maharashtra,Pune,Baramati,Songaon,18.18,74.55,Sugarcane,10.12,14.29,27.37,79.84,2.42,545,4,1.77,5.06,3.27,9,267,4.17
2024-09-24,Maharashtra,Pune,Baramati,Songaon,18.18,74.55,Sugarcane,4.74,6.47,27.18,77.83,1.6,545,4,14.29,5.45,2.77,9,268,1.73
2024-09-25,Maharashtra,Pune,Baramati,Songaon,18.18,74.55,Sugarcane,10.84,12.59,27.48,85.08,2.91,545,4,6.47,1.77,2.34,9,269,1.75
2024-09-26,Maharashtra,Pune,Baramati,Songaon,18.18,74.55,Sugarcane,10.1,12.79,27.63,90.23,3.71,545,4,12.59,14.29,10.36,9,270,2.69
2024-09-27,Maharashtra,Pune,Baramati,Songaon,18.18,74.55,Sugarcane,11.66,14.77,27.28,87.46,2.62,545,4,12.79,6.47,5.06,9,271,3.11
2024-09-28,Maharashtra,Pune,Baramati,Songaon,18.18,74.55,Sugarcane,4.51,4.51,26.86,79.59,1.73,545,4,14.77,12.59,5.45,9,272,0.0
2024-09-29,Maharashtra,Pune,Baramati,Songaon,18.18,74.55,Sugarcane,3.27,6.99,26.56,77.61,3.64,545,4,4.51,12.79,1.77,9,273,3.72
2024-09-30,Maharashtra,Pune,Baramati,Songaon,18.18,74.55,Sugarcane,2.03,3.44,27.92,83.12,3.29,545,4,6.99,14.77,14.29,9,274,1.41
